elementId,value,unit,level,timeOffset,timeResolution,timeSeriesId,performanceCategory,exposureCategory,qualityCode,referenceTime,sourceId
mean(air_temperature P1D),-2.9,degC,"{'levelType': 'height_above_ground', 'unit': 'm', 'value': 2}",PT0H,P1D,0,C,2,0.0,2025-03-10T00:00:00.000Z,SN90450:0
mean(air_temperature P1D),-1.8,degC,"{'levelType': 'height_above_ground', 'unit': 'm', 'value': 2}",PT6H,P1D,0,C,2,,2025-03-10T00:00:00.000Z,SN90450:0
mean(air_temperature P1D),-3.9,degC,"{'levelType': 'height_above_ground', 'unit': 'm', 'value': 2}",PT0H,P1D,0,C,2,0.0,2025-03-11T00:00:00.000Z,SN90450:0
mean(air_temperature P1D),-3.2,degC,"{'levelType': 'height_above_ground', 'unit': 'm', 'value': 2}",PT6H,P1D,0,C,2,,2025-03-11T00:00:00.000Z,SN90450:0
mean(air_temperature P1D),-4.9,degC,"{'levelType': 'height_above_ground', 'unit': 'm', 'value': 2}",PT0H,P1D,0,C,2,0.0,2025-03-12T00:00:00.000Z,SN90450:0
mean(air_temperature P1D),-4.8,degC,"{'levelType': 'height_above_ground', 'unit': 'm', 'value': 2}",PT6H,P1D,0,C,2,,2025-03-12T00:00:00.000Z,SN90450:0
mean(air_temperature P1D),-5.4,degC,"{'levelType': 'height_above_ground', 'unit': 'm', 'value': 2}",PT0H,P1D,0,C,2,0.0,2025-03-13T00:00:00.000Z,SN90450:0
mean(air_temperature P1D),-4.3,degC,"{'levelType': 'height_above_ground', 'unit': 'm', 'value': 2}",PT6H,P1D,0,C,2,,2025-03-13T00:00:00.000Z,SN90450:0
mean(air_temperature P1D),-6.4,degC,"{'levelType': 'height_above_ground', 'unit': 'm', 'value': 2}",PT0H,P1D,0,C,2,0.0,2025-03-14T00:00:00.000Z,SN90450:0
mean(air_temperature P1D),-6.0,degC,"{'levelType': 'height_above_ground', 'unit': 'm', 'value': 2}",PT6H,P1D,0,C,2,,2025-03-14T00:00:00.000Z,SN90450:0
mean(air_temperature P1D),-5.6,degC,"{'levelType': 'height_above_ground', 'unit': 'm', 'value': 2}",PT0H,P1D,0,C,2,0.0,2025-03-15T00:00:00.000Z,SN90450:0
mean(air_temperature P1D),-6.0,degC,"{'levelType': 'height_above_ground', 'unit': 'm', 'value': 2}",PT6H,P1D,0,C,2,,2025-03-15T00:00:00.000Z,SN90450:0
mean(air_temperature P1D),-3.2,degC,"{'levelType': 'height_above_ground', 'unit': 'm', 'value': 2}",PT0H,P1D,0,C,2,0.0,2025-03-16T00:00:00.000Z,SN90450:0
mean(air_temperature P1D),-5.1,degC,"{'levelType': 'height_above_ground', 'unit': 'm', 'value': 2}",PT6H,P1D,0,C,2,,2025-03-16T00:00:00.000Z,SN90450:0
mean(air_temperature P1D),-3.5,degC,"{'levelType': 'height_above_ground', 'unit': 'm', 'value': 2}",PT0H,P1D,0,C,2,0.0,2025-03-17T00:00:00.000Z,SN90450:0
mean(air_temperature P1D),-2.9,degC,"{'levelType': 'height_above_ground', 'unit': 'm', 'value': 2}",PT6H,P1D,0,C,2,,2025-03-17T00:00:00.000Z,SN90450:0
mean(air_temperature P1D),-0.7,degC,"{'levelType': 'height_above_ground', 'unit': 'm', 'value': 2}",PT0H,P1D,0,C,2,0.0,2025-03-18T00:00:00.000Z,SN90450:0
mean(air_temperature P1D),-3.1,degC,"{'levelType': 'height_above_ground', 'unit': 'm', 'value': 2}",PT6H,P1D,0,C,2,,2025-03-18T00:00:00.000Z,SN90450:0
mean(air_temperature P1D),-3.6,degC,"{'levelType': 'height_above_ground', 'unit': 'm', 'value': 2}",PT0H,P1D,0,C,2,0.0,2025-03-19T00:00:00.000Z,SN90450:0
mean(air_temperature P1D),-1.0,degC,"{'levelType': 'height_above_ground', 'unit': 'm', 'value': 2}",PT6H,P1D,0,C,2,,2025-03-19T00:00:00.000Z,SN90450:0
mean(air_temperature P1D),-3.9,degC,"{'levelType': 'height_above_ground', 'unit': 'm', 'value': 2}",PT0H,P1D,0,C,2,0.0,2025-03-20T00:00:00.000Z,SN90450:0
mean(air_temperature P1D),-4.2,degC,"{'levelType': 'height_above_ground', 'unit': 'm', 'value': 2}",PT6H,P1D,0,C,2,,2025-03-20T00:00:00.000Z,SN90450:0
mean(air_temperature P1D),0.1,degC,"{'levelType': 'height_above_ground', 'unit': 'm', 'value': 2}",PT0H,P1D,0,C,2,0.0,2025-03-21T00:00:00.000Z,SN90450:0
mean(air_temperature P1D),-3.2,degC,"{'levelType': 'height_above_ground', 'unit': 'm', 'value': 2}",PT6H,P1D,0,C,2,,2025-03-21T00:00:00.000Z,SN90450:0
mean(air_temperature P1D),5.8,degC,"{'levelType': 'height_above_ground', 'unit': 'm', 'value': 2}",PT0H,P1D,0,C,2,0.0,2025-03-22T00:00:00.000Z,SN90450:0
mean(air_temperature P1D),2.2,degC,"{'levelType': 'height_above_ground', 'unit': 'm', 'value': 2}",PT6H,P1D,0,C,2,,2025-03-22T00:00:00.000Z,SN90450:0
mean(air_temperature P1D),5.9,degC,"{'levelType': 'height_above_ground', 'unit': 'm', 'value': 2}",PT0H,P1D,0,C,2,0.0,2025-03-23T00:00:00.000Z,SN90450:0
mean(air_temperature P1D),6.7,degC,"{'levelType': 'height_above_ground', 'unit': 'm', 'value': 2}",PT6H,P1D,0,C,2,,2025-03-23T00:00:00.000Z,SN90450:0
mean(air_temperature P1D),4.3,degC,"{'levelType': 'height_above_ground', 'unit': 'm', 'value': 2}",PT0H,P1D,0,C,2,0.0,2025-03-24T00:00:00.000Z,SN90450:0
mean(air_temperature P1D),5.3,degC,"{'levelType': 'height_above_ground', 'unit': 'm', 'value': 2}",PT6H,P1D,0,C,2,,2025-03-24T00:00:00.000Z,SN90450:0
mean(air_temperature P1D),-1.1,degC,"{'levelType': 'height_above_ground', 'unit': 'm', 'value': 2}",PT0H,P1D,0,C,2,0.0,2025-03-25T00:00:00.000Z,SN90450:0
mean(air_temperature P1D),2.9,degC,"{'levelType': 'height_above_ground', 'unit': 'm', 'value': 2}",PT6H,P1D,0,C,2,,2025-03-25T00:00:00.000Z,SN90450:0
mean(air_temperature P1D),-1.7,degC,"{'levelType': 'height_above_ground', 'unit': 'm', 'value': 2}",PT0H,P1D,0,C,2,0.0,2025-03-26T00:00:00.000Z,SN90450:0
mean(air_temperature P1D),-1.9,degC,"{'levelType': 'height_above_ground', 'unit': 'm', 'value': 2}",PT6H,P1D,0,C,2,,2025-03-26T00:00:00.000Z,SN90450:0
mean(air_temperature P1D),-0.9,degC,"{'levelType': 'height_above_ground', 'unit': 'm', 'value': 2}",PT0H,P1D,0,C,2,0.0,2025-03-27T00:00:00.000Z,SN90450:0
mean(air_temperature P1D),-1.5,degC,"{'levelType': 'height_above_ground', 'unit': 'm', 'value': 2}",PT6H,P1D,0,C,2,,2025-03-27T00:00:00.000Z,SN90450:0
mean(air_temperature P1D),0.5,degC,"{'levelType': 'height_above_ground', 'unit': 'm', 'value': 2}",PT0H,P1D,0,C,2,0.0,2025-03-28T00:00:00.000Z,SN90450:0
mean(air_temperature P1D),-0.4,degC,"{'levelType': 'height_above_ground', 'unit': 'm', 'value': 2}",PT6H,P1D,0,C,2,,2025-03-28T00:00:00.000Z,SN90450:0
mean(air_temperature P1D),-0.7,degC,"{'levelType': 'height_above_ground', 'unit': 'm', 'value': 2}",PT0H,P1D,0,C,2,0.0,2025-03-29T00:00:00.000Z,SN90450:0
mean(air_temperature P1D),0.6,degC,"{'levelType': 'height_above_ground', 'unit': 'm', 'value': 2}",PT6H,P1D,0,C,2,,2025-03-29T00:00:00.000Z,SN90450:0
mean(air_temperature P1D),-0.1,degC,"{'levelType': 'height_above_ground', 'unit': 'm', 'value': 2}",PT0H,P1D,0,C,2,0.0,2025-03-30T00:00:00.000Z,SN90450:0
mean(air_temperature P1D),-1.7,degC,"{'levelType': 'height_above_ground', 'unit': 'm', 'value': 2}",PT6H,P1D,0,C,2,,2025-03-30T00:00:00.000Z,SN90450:0
mean(air_temperature P1D),0.9,degC,"{'levelType': 'height_above_ground', 'unit': 'm', 'value': 2}",PT0H,P1D,0,C,2,0.0,2025-03-31T00:00:00.000Z,SN90450:0
mean(air_temperature P1D),0.8,degC,"{'levelType': 'height_above_ground', 'unit': 'm', 'value': 2}",PT6H,P1D,0,C,2,,2025-03-31T00:00:00.000Z,SN90450:0
mean(air_temperature P1D),3.0,degC,"{'levelType': 'height_above_ground', 'unit': 'm', 'value': 2}",PT0H,P1D,0,C,2,0.0,2025-04-01T00:00:00.000Z,SN90450:0
mean(air_temperature P1D),1.2,degC,"{'levelType': 'height_above_ground', 'unit': 'm', 'value': 2}",PT6H,P1D,0,C,2,,2025-04-01T00:00:00.000Z,SN90450:0
mean(air_temperature P1D),3.0,degC,"{'levelType': 'height_above_ground', 'unit': 'm', 'value': 2}",PT0H,P1D,0,C,2,0.0,2025-04-02T00:00:00.000Z,SN90450:0
mean(air_temperature P1D),3.9,degC,"{'levelType': 'height_above_ground', 'unit': 'm', 'value': 2}",PT6H,P1D,0,C,2,,2025-04-02T00:00:00.000Z,SN90450:0
mean(air_temperature P1D),3.1,degC,"{'levelType': 'height_above_ground', 'unit': 'm', 'value': 2}",PT0H,P1D,0,C,2,0.0,2025-04-03T00:00:00.000Z,SN90450:0
mean(air_temperature P1D),3.3,degC,"{'levelType': 'height_above_ground', 'unit': 'm', 'value': 2}",PT6H,P1D,0,C,2,,2025-04-03T00:00:00.000Z,SN90450:0
mean(air_temperature P1D),-1.9,degC,"{'levelType': 'height_above_ground', 'unit': 'm', 'value': 2}",PT0H,P1D,0,C,2,0.0,2025-04-04T00:00:00.000Z,SN90450:0
mean(air_temperature P1D),1.3,degC,"{'levelType': 'height_above_ground', 'unit': 'm', 'value': 2}",PT6H,P1D,0,C,2,,2025-04-04T00:00:00.000Z,SN90450:0
mean(air_temperature P1D),-1.3,degC,"{'levelType': 'height_above_ground', 'unit': 'm', 'value': 2}",PT0H,P1D,0,C,2,0.0,2025-04-05T00:00:00.000Z,SN90450:0
mean(air_temperature P1D),-2.4,degC,"{'levelType': 'height_above_ground', 'unit': 'm', 'value': 2}",PT6H,P1D,0,C,2,,2025-04-05T00:00:00.000Z,SN90450:0
mean(air_temperature P1D),1.9,degC,"{'levelType': 'height_above_ground', 'unit': 'm', 'value': 2}",PT0H,P1D,0,C,2,0.0,2025-04-06T00:00:00.000Z,SN90450:0
mean(air_temperature P1D),0.0,degC,"{'levelType': 'height_above_ground', 'unit': 'm', 'value': 2}",PT6H,P1D,0,C,2,,2025-04-06T00:00:00.000Z,SN90450:0
mean(air_temperature P1D),2.5,degC,"{'levelType': 'height_above_ground', 'unit': 'm', 'value': 2}",PT0H,P1D,0,C,2,0.0,2025-04-07T00:00:00.000Z,SN90450:0
mean(air_temperature P1D),2.0,degC,"{'levelType': 'height_above_ground', 'unit': 'm', 'value': 2}",PT6H,P1D,0,C,2,,2025-04-07T00:00:00.000Z,SN90450:0
mean(air_temperature P1D),0.8,degC,"{'levelType': 'height_above_ground', 'unit': 'm', 'value': 2}",PT0H,P1D,0,C,2,0.0,2025-04-08T00:00:00.000Z,SN90450:0
mean(air_temperature P1D),3.2,degC,"{'levelType': 'height_above_ground', 'unit': 'm', 'value': 2}",PT6H,P1D,0,C,2,,2025-04-08T00:00:00.000Z,SN90450:0
sum(precipitation_amount P1D),9.8,mm,,PT18H,P1D,0,C,2,,2025-03-10T00:00:00.000Z,SN90450:0
sum(precipitation_amount P1D),4.3,mm,,PT6H,P1D,0,C,2,0.0,2025-03-10T00:00:00.000Z,SN90450:0
sum(precipitation_amount P1D),1.6,mm,,PT18H,P1D,0,C,2,,2025-03-11T00:00:00.000Z,SN90450:0
sum(precipitation_amount P1D),9.7,mm,,PT6H,P1D,0,C,2,0.0,2025-03-11T00:00:00.000Z,SN90450:0
sum(precipitation_amount P1D),0.0,mm,,PT18H,P1D,0,C,2,,2025-03-12T00:00:00.000Z,SN90450:0
sum(precipitation_amount P1D),0.0,mm,,PT6H,P1D,0,C,2,0.0,2025-03-12T00:00:00.000Z,SN90450:0
sum(precipitation_amount P1D),9.5,mm,,PT18H,P1D,0,C,2,,2025-03-13T00:00:00.000Z,SN90450:0
sum(precipitation_amount P1D),0.0,mm,,PT6H,P1D,0,C,2,0.0,2025-03-13T00:00:00.000Z,SN90450:0
sum(precipitation_amount P1D),8.6,mm,,PT18H,P1D,0,C,2,,2025-03-14T00:00:00.000Z,SN90450:0
sum(precipitation_amount P1D),10.9,mm,,PT6H,P1D,0,C,2,0.0,2025-03-14T00:00:00.000Z,SN90450:0
sum(precipitation_amount P1D),14.3,mm,,PT18H,P1D,0,C,2,,2025-03-15T00:00:00.000Z,SN90450:0
sum(precipitation_amount P1D),11.8,mm,,PT6H,P1D,0,C,2,0.0,2025-03-15T00:00:00.000Z,SN90450:0
sum(precipitation_amount P1D),13.4,mm,,PT18H,P1D,0,C,2,,2025-03-16T00:00:00.000Z,SN90450:0
sum(precipitation_amount P1D),21.2,mm,,PT6H,P1D,0,C,2,0.0,2025-03-16T00:00:00.000Z,SN90450:0
sum(precipitation_amount P1D),11.0,mm,,PT18H,P1D,0,C,2,,2025-03-17T00:00:00.000Z,SN90450:0
sum(precipitation_amount P1D),8.3,mm,,PT6H,P1D,0,C,2,0.0,2025-03-17T00:00:00.000Z,SN90450:0
sum(precipitation_amount P1D),22.0,mm,,PT18H,P1D,0,C,2,,2025-03-18T00:00:00.000Z,SN90450:0
sum(precipitation_amount P1D),13.7,mm,,PT6H,P1D,0,C,2,0.0,2025-03-18T00:00:00.000Z,SN90450:0
sum(precipitation_amount P1D),10.7,mm,,PT18H,P1D,0,C,2,,2025-03-19T00:00:00.000Z,SN90450:0
sum(precipitation_amount P1D),17.7,mm,,PT6H,P1D,0,C,2,0.0,2025-03-19T00:00:00.000Z,SN90450:0
sum(precipitation_amount P1D),8.7,mm,,PT18H,P1D,0,C,2,,2025-03-20T00:00:00.000Z,SN90450:0
sum(precipitation_amount P1D),10.0,mm,,PT6H,P1D,0,C,2,0.0,2025-03-20T00:00:00.000Z,SN90450:0
sum(precipitation_amount P1D),3.4,mm,,PT18H,P1D,0,C,2,,2025-03-21T00:00:00.000Z,SN90450:0
sum(precipitation_amount P1D),7.0,mm,,PT6H,P1D,0,C,2,0.0,2025-03-21T00:00:00.000Z,SN90450:0
sum(precipitation_amount P1D),0.3,mm,,PT18H,P1D,0,C,2,,2025-03-22T00:00:00.000Z,SN90450:0
sum(precipitation_amount P1D),1.3,mm,,PT6H,P1D,0,C,2,0.0,2025-03-22T00:00:00.000Z,SN90450:0
sum(precipitation_amount P1D),1.7,mm,,PT18H,P1D,0,C,2,,2025-03-23T00:00:00.000Z,SN90450:0
sum(precipitation_amount P1D),0.0,mm,,PT6H,P1D,0,C,2,0.0,2025-03-23T00:00:00.000Z,SN90450:0
sum(precipitation_amount P1D),0.0,mm,,PT18H,P1D,0,C,2,,2025-03-24T00:00:00.000Z,SN90450:0
sum(precipitation_amount P1D),1.7,mm,,PT6H,P1D,0,C,2,0.0,2025-03-24T00:00:00.000Z,SN90450:0
sum(precipitation_amount P1D),19.1,mm,,PT18H,P1D,0,C,2,,2025-03-25T00:00:00.000Z,SN90450:0
sum(precipitation_amount P1D),4.6,mm,,PT6H,P1D,0,C,2,0.0,2025-03-25T00:00:00.000Z,SN90450:0
sum(precipitation_amount P1D),13.0,mm,,PT18H,P1D,0,C,2,,2025-03-26T00:00:00.000Z,SN90450:0
sum(precipitation_amount P1D),20.0,mm,,PT6H,P1D,0,C,2,0.0,2025-03-26T00:00:00.000Z,SN90450:0
sum(precipitation_amount P1D),8.3,mm,,PT18H,P1D,0,C,2,,2025-03-27T00:00:00.000Z,SN90450:0
sum(precipitation_amount P1D),9.6,mm,,PT6H,P1D,0,C,2,0.0,2025-03-27T00:00:00.000Z,SN90450:0
sum(precipitation_amount P1D),2.4,mm,,PT18H,P1D,0,C,2,,2025-03-28T00:00:00.000Z,SN90450:0
sum(precipitation_amount P1D),8.1,mm,,PT6H,P1D,0,C,2,0.0,2025-03-28T00:00:00.000Z,SN90450:0
sum(precipitation_amount P1D),11.7,mm,,PT18H,P1D,0,C,2,,2025-03-29T00:00:00.000Z,SN90450:0
sum(precipitation_amount P1D),8.2,mm,,PT6H,P1D,0,C,2,0.0,2025-03-29T00:00:00.000Z,SN90450:0
sum(precipitation_amount P1D),0.0,mm,,PT18H,P1D,0,C,2,,2025-03-30T00:00:00.000Z,SN90450:0
sum(precipitation_amount P1D),4.0,mm,,PT6H,P1D,0,C,2,0.0,2025-03-30T00:00:00.000Z,SN90450:0
sum(precipitation_amount P1D),0.7,mm,,PT18H,P1D,0,C,2,,2025-03-31T00:00:00.000Z,SN90450:0
sum(precipitation_amount P1D),0.7,mm,,PT6H,P1D,0,C,2,0.0,2025-03-31T00:00:00.000Z,SN90450:0
sum(precipitation_amount P1D),2.4,mm,,PT18H,P1D,0,C,2,,2025-04-01T00:00:00.000Z,SN90450:0
sum(precipitation_amount P1D),0.9,mm,,PT6H,P1D,0,C,2,0.0,2025-04-01T00:00:00.000Z,SN90450:0
sum(precipitation_amount P1D),9.6,mm,,PT18H,P1D,0,C,2,,2025-04-02T00:00:00.000Z,SN90450:0
sum(precipitation_amount P1D),8.7,mm,,PT6H,P1D,0,C,2,0.0,2025-04-02T00:00:00.000Z,SN90450:0
sum(precipitation_amount P1D),6.3,mm,,PT18H,P1D,0,C,2,,2025-04-03T00:00:00.000Z,SN90450:0
sum(precipitation_amount P1D),5.6,mm,,PT6H,P1D,0,C,2,0.0,2025-04-03T00:00:00.000Z,SN90450:0
sum(precipitation_amount P1D),1.7,mm,,PT18H,P1D,0,C,2,,2025-04-04T00:00:00.000Z,SN90450:0
sum(precipitation_amount P1D),4.5,mm,,PT6H,P1D,0,C,2,0.0,2025-04-04T00:00:00.000Z,SN90450:0
sum(precipitation_amount P1D),5.8,mm,,PT18H,P1D,0,C,2,,2025-04-05T00:00:00.000Z,SN90450:0
sum(precipitation_amount P1D),4.2,mm,,PT6H,P1D,0,C,2,0.0,2025-04-05T00:00:00.000Z,SN90450:0
sum(precipitation_amount P1D),4.4,mm,,PT18H,P1D,0,C,2,,2025-04-06T00:00:00.000Z,SN90450:0
sum(precipitation_amount P1D),5.6,mm,,PT6H,P1D,0,C,2,0.0,2025-04-06T00:00:00.000Z,SN90450:0
sum(precipitation_amount P1D),0.1,mm,,PT18H,P1D,0,C,2,,2025-04-07T00:00:00.000Z,SN90450:0
sum(precipitation_amount P1D),0.7,mm,,PT6H,P1D,0,C,2,0.0,2025-04-07T00:00:00.000Z,SN90450:0
sum(precipitation_amount P1D),11.0,mm,,PT18H,P1D,0,C,2,,2025-04-08T00:00:00.000Z,SN90450:0
sum(precipitation_amount P1D),1.6,mm,,PT6H,P1D,0,C,2,0.0,2025-04-08T00:00:00.000Z,SN90450:0
mean(wind_speed P1D),3.6,m/s,"{'levelType': 'height_above_ground', 'unit': 'm', 'value': 10}",PT0H,P1D,0,C,2,2.0,2025-03-10T00:00:00.000Z,SN90450:0
mean(wind_speed P1D),2.0,m/s,"{'levelType': 'height_above_ground', 'unit': 'm', 'value': 10}",PT0H,P1D,0,C,2,2.0,2025-03-11T00:00:00.000Z,SN90450:0
mean(wind_speed P1D),2.4,m/s,"{'levelType': 'height_above_ground', 'unit': 'm', 'value': 10}",PT0H,P1D,0,C,2,2.0,2025-03-12T00:00:00.000Z,SN90450:0
mean(wind_speed P1D),6.3,m/s,"{'levelType': 'height_above_ground', 'unit': 'm', 'value': 10}",PT0H,P1D,0,C,2,2.0,2025-03-13T00:00:00.000Z,SN90450:0
mean(wind_speed P1D),3.6,m/s,"{'levelType': 'height_above_ground', 'unit': 'm', 'value': 10}",PT0H,P1D,0,C,2,2.0,2025-03-14T00:00:00.000Z,SN90450:0
mean(wind_speed P1D),5.3,m/s,"{'levelType': 'height_above_ground', 'unit': 'm', 'value': 10}",PT0H,P1D,0,C,2,2.0,2025-03-15T00:00:00.000Z,SN90450:0
mean(wind_speed P1D),3.1,m/s,"{'levelType': 'height_above_ground', 'unit': 'm', 'value': 10}",PT0H,P1D,0,C,2,2.0,2025-03-16T00:00:00.000Z,SN90450:0
mean(wind_speed P1D),2.5,m/s,"{'levelType': 'height_above_ground', 'unit': 'm', 'value': 10}",PT0H,P1D,0,C,2,2.0,2025-03-17T00:00:00.000Z,SN90450:0
mean(wind_speed P1D),5.6,m/s,"{'levelType': 'height_above_ground', 'unit': 'm', 'value': 10}",PT0H,P1D,0,C,2,2.0,2025-03-18T00:00:00.000Z,SN90450:0
mean(wind_speed P1D),3.2,m/s,"{'levelType': 'height_above_ground', 'unit': 'm', 'value': 10}",PT0H,P1D,0,C,2,2.0,2025-03-19T00:00:00.000Z,SN90450:0
mean(wind_speed P1D),2.2,m/s,"{'levelType': 'height_above_ground', 'unit': 'm', 'value': 10}",PT0H,P1D,0,C,2,2.0,2025-03-20T00:00:00.000Z,SN90450:0
mean(wind_speed P1D),5.4,m/s,"{'levelType': 'height_above_ground', 'unit': 'm', 'value': 10}",PT0H,P1D,0,C,2,2.0,2025-03-21T00:00:00.000Z,SN90450:0
mean(wind_speed P1D),7.7,m/s,"{'levelType': 'height_above_ground', 'unit': 'm', 'value': 10}",PT0H,P1D,0,C,2,2.0,2025-03-22T00:00:00.000Z,SN90450:0
mean(wind_speed P1D),7.2,m/s,"{'levelType': 'height_above_ground', 'unit': 'm', 'value': 10}",PT0H,P1D,0,C,2,2.0,2025-03-23T00:00:00.000Z,SN90450:0
mean(wind_speed P1D),5.7,m/s,"{'levelType': 'height_above_ground', 'unit': 'm', 'value': 10}",PT0H,P1D,0,C,2,2.0,2025-03-24T00:00:00.000Z,SN90450:0
mean(wind_speed P1D),3.6,m/s,"{'levelType': 'height_above_ground', 'unit': 'm', 'value': 10}",PT0H,P1D,0,C,2,2.0,2025-03-25T00:00:00.000Z,SN90450:0
mean(wind_speed P1D),2.9,m/s,"{'levelType': 'height_above_ground', 'unit': 'm', 'value': 10}",PT0H,P1D,0,C,2,2.0,2025-03-26T00:00:00.000Z,SN90450:0
mean(wind_speed P1D),2.2,m/s,"{'levelType': 'height_above_ground', 'unit': 'm', 'value': 10}",PT0H,P1D,0,C,2,2.0,2025-03-27T00:00:00.000Z,SN90450:0
mean(wind_speed P1D),1.9,m/s,"{'levelType': 'height_above_ground', 'unit': 'm', 'value': 10}",PT0H,P1D,0,C,2,2.0,2025-03-28T00:00:00.000Z,SN90450:0
mean(wind_speed P1D),3.5,m/s,"{'levelType': 'height_above_ground', 'unit': 'm', 'value': 10}",PT0H,P1D,0,C,2,2.0,2025-03-29T00:00:00.000Z,SN90450:0
mean(wind_speed P1D),1.2,m/s,"{'levelType': 'height_above_ground', 'unit': 'm', 'value': 10}",PT0H,P1D,0,C,2,2.0,2025-03-30T00:00:00.000Z,SN90450:0
mean(wind_speed P1D),2.6,m/s,"{'levelType': 'height_above_ground', 'unit': 'm', 'value': 10}",PT0H,P1D,0,C,2,2.0,2025-03-31T00:00:00.000Z,SN90450:0
mean(wind_speed P1D),7.0,m/s,"{'levelType': 'height_above_ground', 'unit': 'm', 'value': 10}",PT0H,P1D,0,C,2,2.0,2025-04-01T00:00:00.000Z,SN90450:0
mean(wind_speed P1D),4.8,m/s,"{'levelType': 'height_above_ground', 'unit': 'm', 'value': 10}",PT0H,P1D,0,C,2,2.0,2025-04-02T00:00:00.000Z,SN90450:0
mean(wind_speed P1D),5.4,m/s,"{'levelType': 'height_above_ground', 'unit': 'm', 'value': 10}",PT0H,P1D,0,C,2,2.0,2025-04-03T00:00:00.000Z,SN90450:0
mean(wind_speed P1D),3.9,m/s,"{'levelType': 'height_above_ground', 'unit': 'm', 'value': 10}",PT0H,P1D,0,C,2,2.0,2025-04-04T00:00:00.000Z,SN90450:0
mean(wind_speed P1D),4.2,m/s,"{'levelType': 'height_above_ground', 'unit': 'm', 'value': 10}",PT0H,P1D,0,C,2,2.0,2025-04-05T00:00:00.000Z,SN90450:0
mean(wind_speed P1D),2.4,m/s,"{'levelType': 'height_above_ground', 'unit': 'm', 'value': 10}",PT0H,P1D,0,C,2,2.0,2025-04-06T00:00:00.000Z,SN90450:0
mean(wind_speed P1D),4.3,m/s,"{'levelType': 'height_above_ground', 'unit': 'm', 'value': 10}",PT0H,P1D,0,C,2,2.0,2025-04-07T00:00:00.000Z,SN90450:0
mean(wind_speed P1D),6.8,m/s,"{'levelType': 'height_above_ground', 'unit': 'm', 'value': 10}",PT0H,P1D,0,C,2,2.0,2025-04-08T00:00:00.000Z,SN90450:0
surface_snow_thickness,66.0,cm,,PT6H,P1D,0,C,2,0.0,2025-03-10T00:00:00.000Z,SN90450:0
surface_snow_thickness,64.4,cm,,PT0H,PT1H,0,C,2,0.0,2025-03-10T00:00:00.000Z,SN90450:0
surface_snow_thickness,64.5,cm,,PT0H,PT1H,0,C,2,0.0,2025-03-10T01:00:00.000Z,SN90450:0
surface_snow_thickness,64.5,cm,,PT0H,PT1H,0,C,2,0.0,2025-03-10T02:00:00.000Z,SN90450:0
surface_snow_thickness,64.4,cm,,PT0H,PT1H,0,C,2,0.0,2025-03-10T03:00:00.000Z,SN90450:0
surface_snow_thickness,64.3,cm,,PT0H,PT1H,0,C,2,0.0,2025-03-10T04:00:00.000Z,SN90450:0
surface_snow_thickness,64.4,cm,,PT0H,PT1H,0,C,2,0.0,2025-03-10T05:00:00.000Z,SN90450:0
surface_snow_thickness,65.7,cm,,PT0H,PT1H,0,C,2,0.0,2025-03-10T06:00:00.000Z,SN90450:0
surface_snow_thickness,68.2,cm,,PT0H,PT1H,0,C,2,0.0,2025-03-10T07:00:00.000Z,SN90450:0
surface_snow_thickness,68.1,cm,,PT0H,PT1H,0,C,2,0.0,2025-03-10T08:00:00.000Z,SN90450:0
surface_snow_thickness,70.2,cm,,PT0H,PT1H,0,C,2,0.0,2025-03-10T09:00:00.000Z,SN90450:0
surface_snow_thickness,69.9,cm,,PT0H,PT1H,0,C,2,0.0,2025-03-10T10:00:00.000Z,SN90450:0
surface_snow_thickness,69.6,cm,,PT0H,PT1H,0,C,2,0.0,2025-03-10T11:00:00.000Z,SN90450:0
surface_snow_thickness,69.6,cm,,PT0H,PT1H,0,C,2,0.0,2025-03-10T12:00:00.000Z,SN90450:0
surface_snow_thickness,70.6,cm,,PT0H,PT1H,0,C,2,0.0,2025-03-10T13:00:00.000Z,SN90450:0
surface_snow_thickness,73.1,cm,,PT0H,PT1H,0,C,2,0.0,2025-03-10T14:00:00.000Z,SN90450:0
surface_snow_thickness,74.8,cm,,PT0H,PT1H,0,C,2,0.0,2025-03-10T15:00:00.000Z,SN90450:0
surface_snow_thickness,75.1,cm,,PT0H,PT1H,0,C,2,0.0,2025-03-10T16:00:00.000Z,SN90450:0
surface_snow_thickness,75.5,cm,,PT0H,PT1H,0,C,2,0.0,2025-03-10T17:00:00.000Z,SN90450:0
surface_snow_thickness,76.2,cm,,PT0H,PT1H,0,C,2,0.0,2025-03-10T18:00:00.000Z,SN90450:0
surface_snow_thickness,76.7,cm,,PT0H,PT1H,0,C,2,0.0,2025-03-10T19:00:00.000Z,SN90450:0
surface_snow_thickness,76.9,cm,,PT0H,PT1H,0,C,2,0.0,2025-03-10T20:00:00.000Z,SN90450:0
surface_snow_thickness,76.7,cm,,PT0H,PT1H,0,C,2,0.0,2025-03-10T21:00:00.000Z,SN90450:0
surface_snow_thickness,76.4,cm,,PT0H,PT1H,0,C,2,0.0,2025-03-10T22:00:00.000Z,SN90450:0
surface_snow_thickness,76.6,cm,,PT0H,PT1H,0,C,2,0.0,2025-03-10T23:00:00.000Z,SN90450:0
surface_snow_thickness,75.0,cm,,PT6H,P1D,0,C,2,0.0,2025-03-11T00:00:00.000Z,SN90450:0
surface_snow_thickness,76.2,cm,,PT0H,PT1H,0,C,2,0.0,2025-03-11T00:00:00.000Z,SN90450:0
surface_snow_thickness,75.9,cm,,PT0H,PT1H,0,C,2,0.0,2025-03-11T01:00:00.000Z,SN90450:0
surface_snow_thickness,75.6,cm,,PT0H,PT1H,0,C,2,0.0,2025-03-11T02:00:00.000Z,SN90450:0
surface_snow_thickness,75.4,cm,,PT0H,PT1H,0,C,2,0.0,2025-03-11T03:00:00.000Z,SN90450:0
surface_snow_thickness,75.2,cm,,PT0H,PT1H,0,C,2,0.0,2025-03-11T04:00:00.000Z,SN90450:0
surface_snow_thickness,75.0,cm,,PT0H,PT1H,0,C,2,0.0,2025-03-11T05:00:00.000Z,SN90450:0
surface_snow_thickness,74.7,cm,,PT0H,PT1H,0,C,2,0.0,2025-03-11T06:00:00.000Z,SN90450:0
surface_snow_thickness,74.5,cm,,PT0H,PT1H,0,C,2,0.0,2025-03-11T07:00:00.000Z,SN90450:0
surface_snow_thickness,74.3,cm,,PT0H,PT1H,0,C,2,0.0,2025-03-11T08:00:00.000Z,SN90450:0
surface_snow_thickness,74.1,cm,,PT0H,PT1H,0,C,2,0.0,2025-03-11T09:00:00.000Z,SN90450:0
surface_snow_thickness,73.9,cm,,PT0H,PT1H,0,C,2,0.0,2025-03-11T10:00:00.000Z,SN90450:0
surface_snow_thickness,73.7,cm,,PT0H,PT1H,0,C,2,0.0,2025-03-11T11:00:00.000Z,SN90450:0
surface_snow_thickness,73.4,cm,,PT0H,PT1H,0,C,2,0.0,2025-03-11T12:00:00.000Z,SN90450:0
surface_snow_thickness,73.2,cm,,PT0H,PT1H,0,C,2,0.0,2025-03-11T13:00:00.000Z,SN90450:0
surface_snow_thickness,73.0,cm,,PT0H,PT1H,0,C,2,0.0,2025-03-11T14:00:00.000Z,SN90450:0
surface_snow_thickness,72.9,cm,,PT0H,PT1H,0,C,2,0.0,2025-03-11T15:00:00.000Z,SN90450:0
surface_snow_thickness,72.7,cm,,PT0H,PT1H,0,C,2,0.0,2025-03-11T16:00:00.000Z,SN90450:0
surface_snow_thickness,72.6,cm,,PT0H,PT1H,0,C,2,0.0,2025-03-11T17:00:00.000Z,SN90450:0
surface_snow_thickness,72.5,cm,,PT0H,PT1H,0,C,2,0.0,2025-03-11T18:00:00.000Z,SN90450:0
surface_snow_thickness,72.1,cm,,PT0H,PT1H,0,C,2,0.0,2025-03-11T19:00:00.000Z,SN90450:0
surface_snow_thickness,71.9,cm,,PT0H,PT1H,0,C,2,0.0,2025-03-11T20:00:00.000Z,SN90450:0
surface_snow_thickness,71.8,cm,,PT0H,PT1H,0,C,2,0.0,2025-03-11T21:00:00.000Z,SN90450:0
surface_snow_thickness,71.6,cm,,PT0H,PT1H,0,C,2,0.0,2025-03-11T22:00:00.000Z,SN90450:0
surface_snow_thickness,71.5,cm,,PT0H,PT1H,0,C,2,0.0,2025-03-11T23:00:00.000Z,SN90450:0
surface_snow_thickness,71.0,cm,,PT6H,P1D,0,C,2,0.0,2025-03-12T00:00:00.000Z,SN90450:0
surface_snow_thickness,71.3,cm,,PT0H,PT1H,0,C,2,0.0,2025-03-12T00:00:00.000Z,SN90450:0
surface_snow_thickness,71.1,cm,,PT0H,PT1H,0,C,2,0.0,2025-03-12T01:00:00.000Z,SN90450:0
surface_snow_thickness,71.0,cm,,PT0H,PT1H,0,C,2,0.0,2025-03-12T02:00:00.000Z,SN90450:0
surface_snow_thickness,70.9,cm,,PT0H,PT1H,0,C,2,0.0,2025-03-12T03:00:00.000Z,SN90450:0
surface_snow_thickness,70.5,cm,,PT0H,PT1H,0,C,2,0.0,2025-03-12T04:00:00.000Z,SN90450:0
surface_snow_thickness,70.5,cm,,PT0H,PT1H,0,C,2,0.0,2025-03-12T05:00:00.000Z,SN90450:0
surface_snow_thickness,70.6,cm,,PT0H,PT1H,0,C,2,0.0,2025-03-12T06:00:00.000Z,SN90450:0
surface_snow_thickness,70.2,cm,,PT0H,PT1H,0,C,2,0.0,2025-03-12T07:00:00.000Z,SN90450:0
surface_snow_thickness,70.1,cm,,PT0H,PT1H,0,C,2,0.0,2025-03-12T08:00:00.000Z,SN90450:0
surface_snow_thickness,70.0,cm,,PT0H,PT1H,0,C,2,0.0,2025-03-12T09:00:00.000Z,SN90450:0
surface_snow_thickness,69.8,cm,,PT0H,PT1H,0,C,2,0.0,2025-03-12T10:00:00.000Z,SN90450:0
surface_snow_thickness,69.7,cm,,PT0H,PT1H,0,C,2,0.0,2025-03-12T11:00:00.000Z,SN90450:0
surface_snow_thickness,69.5,cm,,PT0H,PT1H,0,C,2,0.0,2025-03-12T12:00:00.000Z,SN90450:0
surface_snow_thickness,69.3,cm,,PT0H,PT1H,0,C,2,0.0,2025-03-12T13:00:00.000Z,SN90450:0
surface_snow_thickness,69.2,cm,,PT0H,PT1H,0,C,2,0.0,2025-03-12T14:00:00.000Z,SN90450:0
surface_snow_thickness,69.1,cm,,PT0H,PT1H,0,C,2,0.0,2025-03-12T15:00:00.000Z,SN90450:0
surface_snow_thickness,69.0,cm,,PT0H,PT1H,0,C,2,0.0,2025-03-12T16:00:00.000Z,SN90450:0
surface_snow_thickness,68.8,cm,,PT0H,PT1H,0,C,2,0.0,2025-03-12T17:00:00.000Z,SN90450:0
surface_snow_thickness,68.7,cm,,PT0H,PT1H,0,C,2,0.0,2025-03-12T18:00:00.000Z,SN90450:0
surface_snow_thickness,68.5,cm,,PT0H,PT1H,0,C,2,0.0,2025-03-12T19:00:00.000Z,SN90450:0
surface_snow_thickness,68.3,cm,,PT0H,PT1H,0,C,2,0.0,2025-03-12T20:00:00.000Z,SN90450:0
surface_snow_thickness,68.2,cm,,PT0H,PT1H,0,C,2,0.0,2025-03-12T21:00:00.000Z,SN90450:0
surface_snow_thickness,68.0,cm,,PT0H,PT1H,0,C,2,0.0,2025-03-12T22:00:00.000Z,SN90450:0
surface_snow_thickness,67.9,cm,,PT0H,PT1H,0,C,2,0.0,2025-03-12T23:00:00.000Z,SN90450:0
surface_snow_thickness,67.0,cm,,PT6H,P1D,0,C,2,0.0,2025-03-13T00:00:00.000Z,SN90450:0
surface_snow_thickness,67.8,cm,,PT0H,PT1H,0,C,2,0.0,2025-03-13T00:00:00.000Z,SN90450:0
surface_snow_thickness,67.7,cm,,PT0H,PT1H,0,C,2,0.0,2025-03-13T01:00:00.000Z,SN90450:0
surface_snow_thickness,67.7,cm,,PT0H,PT1H,0,C,2,0.0,2025-03-13T02:00:00.000Z,SN90450:0
surface_snow_thickness,67.6,cm,,PT0H,PT1H,0,C,2,0.0,2025-03-13T03:00:00.000Z,SN90450:0
surface_snow_thickness,67.6,cm,,PT0H,PT1H,0,C,2,0.0,2025-03-13T04:00:00.000Z,SN90450:0
surface_snow_thickness,67.5,cm,,PT0H,PT1H,0,C,2,0.0,2025-03-13T05:00:00.000Z,SN90450:0
surface_snow_thickness,67.4,cm,,PT0H,PT1H,0,C,2,0.0,2025-03-13T06:00:00.000Z,SN90450:0
surface_snow_thickness,67.4,cm,,PT0H,PT1H,0,C,2,0.0,2025-03-13T07:00:00.000Z,SN90450:0
surface_snow_thickness,67.2,cm,,PT0H,PT1H,0,C,2,0.0,2025-03-13T08:00:00.000Z,SN90450:0
surface_snow_thickness,67.1,cm,,PT0H,PT1H,0,C,2,0.0,2025-03-13T09:00:00.000Z,SN90450:0
surface_snow_thickness,67.5,cm,,PT0H,PT1H,0,C,2,0.0,2025-03-13T10:00:00.000Z,SN90450:0
surface_snow_thickness,67.5,cm,,PT0H,PT1H,0,C,2,0.0,2025-03-13T11:00:00.000Z,SN90450:0
surface_snow_thickness,68.2,cm,,PT0H,PT1H,0,C,2,0.0,2025-03-13T12:00:00.000Z,SN90450:0
surface_snow_thickness,71.5,cm,,PT0H,PT1H,0,C,2,0.0,2025-03-13T13:00:00.000Z,SN90450:0
surface_snow_thickness,72.6,cm,,PT0H,PT1H,0,C,2,0.0,2025-03-13T14:00:00.000Z,SN90450:0
surface_snow_thickness,72.4,cm,,PT0H,PT1H,0,C,2,0.0,2025-03-13T15:00:00.000Z,SN90450:0
surface_snow_thickness,73.1,cm,,PT0H,PT1H,0,C,2,0.0,2025-03-13T16:00:00.000Z,SN90450:0
surface_snow_thickness,76.9,cm,,PT0H,PT1H,0,C,2,0.0,2025-03-13T17:00:00.000Z,SN90450:0
surface_snow_thickness,79.5,cm,,PT0H,PT1H,0,C,2,0.0,2025-03-13T18:00:00.000Z,SN90450:0
surface_snow_thickness,80.2,cm,,PT0H,PT1H,0,C,2,0.0,2025-03-13T19:00:00.000Z,SN90450:0
surface_snow_thickness,79.3,cm,,PT0H,PT1H,0,C,2,0.0,2025-03-13T20:00:00.000Z,SN90450:0
surface_snow_thickness,78.8,cm,,PT0H,PT1H,0,C,2,0.0,2025-03-13T21:00:00.000Z,SN90450:0
surface_snow_thickness,78.3,cm,,PT0H,PT1H,0,C,2,0.0,2025-03-13T22:00:00.000Z,SN90450:0
surface_snow_thickness,78.1,cm,,PT0H,PT1H,0,C,2,0.0,2025-03-13T23:00:00.000Z,SN90450:0
surface_snow_thickness,77.0,cm,,PT6H,P1D,0,C,2,0.0,2025-03-14T00:00:00.000Z,SN90450:0
surface_snow_thickness,77.8,cm,,PT0H,PT1H,0,C,2,0.0,2025-03-14T00:00:00.000Z,SN90450:0
surface_snow_thickness,77.7,cm,,PT0H,PT1H,0,C,2,0.0,2025-03-14T01:00:00.000Z,SN90450:0
surface_snow_thickness,77.4,cm,,PT0H,PT1H,0,C,2,0.0,2025-03-14T02:00:00.000Z,SN90450:0
surface_snow_thickness,77.2,cm,,PT0H,PT1H,0,C,2,0.0,2025-03-14T03:00:00.000Z,SN90450:0
surface_snow_thickness,76.9,cm,,PT0H,PT1H,0,C,2,0.0,2025-03-14T04:00:00.000Z,SN90450:0
surface_snow_thickness,76.9,cm,,PT0H,PT1H,0,C,2,0.0,2025-03-14T05:00:00.000Z,SN90450:0
surface_snow_thickness,76.8,cm,,PT0H,PT1H,0,C,2,0.0,2025-03-14T06:00:00.000Z,SN90450:0
surface_snow_thickness,77.9,cm,,PT0H,PT1H,0,C,2,0.0,2025-03-14T07:00:00.000Z,SN90450:0
surface_snow_thickness,78.6,cm,,PT0H,PT1H,0,C,2,0.0,2025-03-14T08:00:00.000Z,SN90450:0
surface_snow_thickness,79.1,cm,,PT0H,PT1H,0,C,2,0.0,2025-03-14T09:00:00.000Z,SN90450:0
surface_snow_thickness,78.8,cm,,PT0H,PT1H,0,C,2,0.0,2025-03-14T10:00:00.000Z,SN90450:0
surface_snow_thickness,78.9,cm,,PT0H,PT1H,0,C,2,0.0,2025-03-14T11:00:00.000Z,SN90450:0
surface_snow_thickness,79.2,cm,,PT0H,PT1H,0,C,2,0.0,2025-03-14T12:00:00.000Z,SN90450:0
surface_snow_thickness,79.2,cm,,PT0H,PT1H,0,C,2,0.0,2025-03-14T13:00:00.000Z,SN90450:0
surface_snow_thickness,80.4,cm,,PT0H,PT1H,0,C,2,0.0,2025-03-14T14:00:00.000Z,SN90450:0
surface_snow_thickness,82.7,cm,,PT0H,PT1H,0,C,2,0.0,2025-03-14T15:00:00.000Z,SN90450:0
surface_snow_thickness,82.8,cm,,PT0H,PT1H,0,C,2,0.0,2025-03-14T16:00:00.000Z,SN90450:0
surface_snow_thickness,83.3,cm,,PT0H,PT1H,0,C,2,0.0,2025-03-14T17:00:00.000Z,SN90450:0
surface_snow_thickness,83.2,cm,,PT0H,PT1H,0,C,2,0.0,2025-03-14T18:00:00.000Z,SN90450:0
surface_snow_thickness,82.7,cm,,PT0H,PT1H,0,C,2,0.0,2025-03-14T19:00:00.000Z,SN90450:0
surface_snow_thickness,83.3,cm,,PT0H,PT1H,0,C,2,0.0,2025-03-14T20:00:00.000Z,SN90450:0
surface_snow_thickness,83.3,cm,,PT0H,PT1H,0,C,2,0.0,2025-03-14T21:00:00.000Z,SN90450:0
surface_snow_thickness,83.4,cm,,PT0H,PT1H,0,C,2,0.0,2025-03-14T22:00:00.000Z,SN90450:0
surface_snow_thickness,84.3,cm,,PT0H,PT1H,0,C,2,0.0,2025-03-14T23:00:00.000Z,SN90450:0
surface_snow_thickness,86.0,cm,,PT6H,P1D,0,C,2,0.0,2025-03-15T00:00:00.000Z,SN90450:0
surface_snow_thickness,84.5,cm,,PT0H,PT1H,0,C,2,0.0,2025-03-15T00:00:00.000Z,SN90450:0
surface_snow_thickness,84.2,cm,,PT0H,PT1H,0,C,2,0.0,2025-03-15T01:00:00.000Z,SN90450:0
surface_snow_thickness,84.6,cm,,PT0H,PT1H,0,C,2,0.0,2025-03-15T02:00:00.000Z,SN90450:0
surface_snow_thickness,84.5,cm,,PT0H,PT1H,0,C,2,0.0,2025-03-15T03:00:00.000Z,SN90450:0
surface_snow_thickness,84.7,cm,,PT0H,PT1H,0,C,2,0.0,2025-03-15T04:00:00.000Z,SN90450:0
surface_snow_thickness,86.3,cm,,PT0H,PT1H,0,C,2,0.0,2025-03-15T05:00:00.000Z,SN90450:0
surface_snow_thickness,86.2,cm,,PT0H,PT1H,0,C,2,0.0,2025-03-15T06:00:00.000Z,SN90450:0
surface_snow_thickness,86.0,cm,,PT0H,PT1H,0,C,2,0.0,2025-03-15T07:00:00.000Z,SN90450:0
surface_snow_thickness,85.7,cm,,PT0H,PT1H,0,C,2,0.0,2025-03-15T08:00:00.000Z,SN90450:0
surface_snow_thickness,85.5,cm,,PT0H,PT1H,0,C,2,0.0,2025-03-15T09:00:00.000Z,SN90450:0
surface_snow_thickness,87.2,cm,,PT0H,PT1H,0,C,2,0.0,2025-03-15T10:00:00.000Z,SN90450:0
surface_snow_thickness,87.1,cm,,PT0H,PT1H,0,C,2,0.0,2025-03-15T11:00:00.000Z,SN90450:0
surface_snow_thickness,86.8,cm,,PT0H,PT1H,0,C,2,0.0,2025-03-15T12:00:00.000Z,SN90450:0
surface_snow_thickness,87.9,cm,,PT0H,PT1H,0,C,2,0.0,2025-03-15T13:00:00.000Z,SN90450:0
surface_snow_thickness,90.0,cm,,PT0H,PT1H,0,C,2,0.0,2025-03-15T14:00:00.000Z,SN90450:0
surface_snow_thickness,90.4,cm,,PT0H,PT1H,0,C,2,0.0,2025-03-15T15:00:00.000Z,SN90450:0
surface_snow_thickness,92.0,cm,,PT0H,PT1H,0,C,2,0.0,2025-03-15T16:00:00.000Z,SN90450:0
surface_snow_thickness,91.6,cm,,PT0H,PT1H,0,C,2,0.0,2025-03-15T17:00:00.000Z,SN90450:0
surface_snow_thickness,92.1,cm,,PT0H,PT1H,0,C,2,0.0,2025-03-15T18:00:00.000Z,SN90450:0
surface_snow_thickness,91.2,cm,,PT0H,PT1H,0,C,2,0.0,2025-03-15T19:00:00.000Z,SN90450:0
surface_snow_thickness,91.2,cm,,PT0H,PT1H,0,C,2,0.0,2025-03-15T20:00:00.000Z,SN90450:0
surface_snow_thickness,91.5,cm,,PT0H,PT1H,0,C,2,0.0,2025-03-15T21:00:00.000Z,SN90450:0
surface_snow_thickness,91.0,cm,,PT0H,PT1H,0,C,2,0.0,2025-03-15T22:00:00.000Z,SN90450:0
surface_snow_thickness,90.6,cm,,PT0H,PT1H,0,C,2,0.0,2025-03-15T23:00:00.000Z,SN90450:0
surface_snow_thickness,99.0,cm,,PT6H,P1D,0,C,2,0.0,2025-03-16T00:00:00.000Z,SN90450:0
surface_snow_thickness,90.2,cm,,PT0H,PT1H,0,C,2,0.0,2025-03-16T00:00:00.000Z,SN90450:0
surface_snow_thickness,95.2,cm,,PT0H,PT1H,0,C,2,0.0,2025-03-16T01:00:00.000Z,SN90450:0
surface_snow_thickness,95.6,cm,,PT0H,PT1H,0,C,2,0.0,2025-03-16T02:00:00.000Z,SN90450:0
surface_snow_thickness,95.1,cm,,PT0H,PT1H,0,C,2,0.0,2025-03-16T03:00:00.000Z,SN90450:0
surface_snow_thickness,95.5,cm,,PT0H,PT1H,0,C,2,0.0,2025-03-16T04:00:00.000Z,SN90450:0
surface_snow_thickness,96.9,cm,,PT0H,PT1H,0,C,2,0.0,2025-03-16T05:00:00.000Z,SN90450:0
surface_snow_thickness,98.6,cm,,PT0H,PT1H,0,C,2,0.0,2025-03-16T06:00:00.000Z,SN90450:0
surface_snow_thickness,98.0,cm,,PT0H,PT1H,0,C,2,0.0,2025-03-16T07:00:00.000Z,SN90450:0
surface_snow_thickness,97.6,cm,,PT0H,PT1H,0,C,2,0.0,2025-03-16T08:00:00.000Z,SN90450:0
surface_snow_thickness,97.1,cm,,PT0H,PT1H,0,C,2,0.0,2025-03-16T09:00:00.000Z,SN90450:0
surface_snow_thickness,96.8,cm,,PT0H,PT1H,0,C,2,0.0,2025-03-16T10:00:00.000Z,SN90450:0
surface_snow_thickness,96.5,cm,,PT0H,PT1H,0,C,2,0.0,2025-03-16T11:00:00.000Z,SN90450:0
surface_snow_thickness,96.1,cm,,PT0H,PT1H,0,C,2,0.0,2025-03-16T12:00:00.000Z,SN90450:0
surface_snow_thickness,95.7,cm,,PT0H,PT1H,0,C,2,0.0,2025-03-16T13:00:00.000Z,SN90450:0
surface_snow_thickness,95.4,cm,,PT0H,PT1H,0,C,2,0.0,2025-03-16T14:00:00.000Z,SN90450:0
surface_snow_thickness,95.1,cm,,PT0H,PT1H,0,C,2,0.0,2025-03-16T15:00:00.000Z,SN90450:0
surface_snow_thickness,94.9,cm,,PT0H,PT1H,0,C,2,0.0,2025-03-16T16:00:00.000Z,SN90450:0
surface_snow_thickness,95.0,cm,,PT0H,PT1H,0,C,2,0.0,2025-03-16T17:00:00.000Z,SN90450:0
surface_snow_thickness,96.2,cm,,PT0H,PT1H,0,C,2,0.0,2025-03-16T18:00:00.000Z,SN90450:0
surface_snow_thickness,96.7,cm,,PT0H,PT1H,0,C,2,0.0,2025-03-16T19:00:00.000Z,SN90450:0
surface_snow_thickness,96.8,cm,,PT0H,PT1H,0,C,2,0.0,2025-03-16T20:00:00.000Z,SN90450:0
surface_snow_thickness,96.6,cm,,PT0H,PT1H,0,C,2,0.0,2025-03-16T21:00:00.000Z,SN90450:0
surface_snow_thickness,96.7,cm,,PT0H,PT1H,0,C,2,0.0,2025-03-16T22:00:00.000Z,SN90450:0
surface_snow_thickness,96.4,cm,,PT0H,PT1H,0,C,2,0.0,2025-03-16T23:00:00.000Z,SN90450:0
surface_snow_thickness,98.0,cm,,PT6H,P1D,0,C,2,0.0,2025-03-17T00:00:00.000Z,SN90450:0
surface_snow_thickness,97.0,cm,,PT0H,PT1H,0,C,2,0.0,2025-03-17T00:00:00.000Z,SN90450:0
surface_snow_thickness,96.9,cm,,PT0H,PT1H,0,C,2,0.0,2025-03-17T01:00:00.000Z,SN90450:0
surface_snow_thickness,96.5,cm,,PT0H,PT1H,0,C,2,0.0,2025-03-17T02:00:00.000Z,SN90450:0
surface_snow_thickness,96.7,cm,,PT0H,PT1H,0,C,2,0.0,2025-03-17T03:00:00.000Z,SN90450:0
surface_snow_thickness,96.7,cm,,PT0H,PT1H,0,C,2,0.0,2025-03-17T04:00:00.000Z,SN90450:0
surface_snow_thickness,96.5,cm,,PT0H,PT1H,0,C,2,0.0,2025-03-17T05:00:00.000Z,SN90450:0
surface_snow_thickness,98.1,cm,,PT0H,PT1H,0,C,2,0.0,2025-03-17T06:00:00.000Z,SN90450:0
surface_snow_thickness,99.2,cm,,PT0H,PT1H,0,C,2,0.0,2025-03-17T07:00:00.000Z,SN90450:0
surface_snow_thickness,102.7,cm,,PT0H,PT1H,0,C,2,0.0,2025-03-17T08:00:00.000Z,SN90450:0
surface_snow_thickness,102.8,cm,,PT0H,PT1H,0,C,2,0.0,2025-03-17T09:00:00.000Z,SN90450:0
surface_snow_thickness,102.3,cm,,PT0H,PT1H,0,C,2,0.0,2025-03-17T10:00:00.000Z,SN90450:0
surface_snow_thickness,103.1,cm,,PT0H,PT1H,0,C,2,0.0,2025-03-17T11:00:00.000Z,SN90450:0
surface_snow_thickness,102.7,cm,,PT0H,PT1H,0,C,2,0.0,2025-03-17T12:00:00.000Z,SN90450:0
surface_snow_thickness,102.3,cm,,PT0H,PT1H,0,C,2,0.0,2025-03-17T13:00:00.000Z,SN90450:0
surface_snow_thickness,101.9,cm,,PT0H,PT1H,0,C,2,0.0,2025-03-17T14:00:00.000Z,SN90450:0
surface_snow_thickness,102.3,cm,,PT0H,PT1H,0,C,2,0.0,2025-03-17T15:00:00.000Z,SN90450:0
surface_snow_thickness,101.9,cm,,PT0H,PT1H,0,C,2,0.0,2025-03-17T16:00:00.000Z,SN90450:0
surface_snow_thickness,101.5,cm,,PT0H,PT1H,0,C,2,0.0,2025-03-17T17:00:00.000Z,SN90450:0
surface_snow_thickness,101.2,cm,,PT0H,PT1H,0,C,2,0.0,2025-03-17T18:00:00.000Z,SN90450:0
surface_snow_thickness,100.7,cm,,PT0H,PT1H,0,C,2,0.0,2025-03-17T19:00:00.000Z,SN90450:0
surface_snow_thickness,100.4,cm,,PT0H,PT1H,0,C,2,0.0,2025-03-17T20:00:00.000Z,SN90450:0
surface_snow_thickness,100.4,cm,,PT0H,PT1H,0,C,2,0.0,2025-03-17T21:00:00.000Z,SN90450:0
surface_snow_thickness,100.1,cm,,PT0H,PT1H,0,C,2,0.0,2025-03-17T22:00:00.000Z,SN90450:0
surface_snow_thickness,99.4,cm,,PT0H,PT1H,0,C,2,0.0,2025-03-17T23:00:00.000Z,SN90450:0
surface_snow_thickness,105.0,cm,,PT6H,P1D,0,C,2,0.0,2025-03-18T00:00:00.000Z,SN90450:0
surface_snow_thickness,99.8,cm,,PT0H,PT1H,0,C,2,0.0,2025-03-18T00:00:00.000Z,SN90450:0
surface_snow_thickness,100.5,cm,,PT0H,PT1H,0,C,2,0.0,2025-03-18T01:00:00.000Z,SN90450:0
surface_snow_thickness,101.9,cm,,PT0H,PT1H,0,C,2,0.0,2025-03-18T02:00:00.000Z,SN90450:0
surface_snow_thickness,103.4,cm,,PT0H,PT1H,0,C,2,0.0,2025-03-18T03:00:00.000Z,SN90450:0
surface_snow_thickness,104.8,cm,,PT0H,PT1H,0,C,2,0.0,2025-03-18T04:00:00.000Z,SN90450:0
surface_snow_thickness,104.8,cm,,PT0H,PT1H,0,C,2,0.0,2025-03-18T05:00:00.000Z,SN90450:0
surface_snow_thickness,104.5,cm,,PT0H,PT1H,0,C,2,0.0,2025-03-18T06:00:00.000Z,SN90450:0
surface_snow_thickness,103.6,cm,,PT0H,PT1H,0,C,2,0.0,2025-03-18T07:00:00.000Z,SN90450:0
surface_snow_thickness,102.9,cm,,PT0H,PT1H,0,C,2,0.0,2025-03-18T08:00:00.000Z,SN90450:0
surface_snow_thickness,102.0,cm,,PT0H,PT1H,0,C,2,0.0,2025-03-18T09:00:00.000Z,SN90450:0
surface_snow_thickness,101.3,cm,,PT0H,PT1H,0,C,2,0.0,2025-03-18T10:00:00.000Z,SN90450:0
surface_snow_thickness,102.0,cm,,PT0H,PT1H,0,C,2,0.0,2025-03-18T11:00:00.000Z,SN90450:0
surface_snow_thickness,102.0,cm,,PT0H,PT1H,0,C,2,0.0,2025-03-18T12:00:00.000Z,SN90450:0
surface_snow_thickness,101.5,cm,,PT0H,PT1H,0,C,2,0.0,2025-03-18T13:00:00.000Z,SN90450:0
surface_snow_thickness,101.8,cm,,PT0H,PT1H,0,C,2,0.0,2025-03-18T14:00:00.000Z,SN90450:0
surface_snow_thickness,104.1,cm,,PT0H,PT1H,0,C,2,0.0,2025-03-18T15:00:00.000Z,SN90450:0
surface_snow_thickness,104.1,cm,,PT0H,PT1H,0,C,2,0.0,2025-03-18T16:00:00.000Z,SN90450:0
surface_snow_thickness,103.7,cm,,PT0H,PT1H,0,C,2,0.0,2025-03-18T17:00:00.000Z,SN90450:0
surface_snow_thickness,104.4,cm,,PT0H,PT1H,0,C,2,0.0,2025-03-18T18:00:00.000Z,SN90450:0
surface_snow_thickness,103.7,cm,,PT0H,PT1H,0,C,2,0.0,2025-03-18T19:00:00.000Z,SN90450:0
surface_snow_thickness,102.7,cm,,PT0H,PT1H,0,C,2,0.0,2025-03-18T20:00:00.000Z,SN90450:0
surface_snow_thickness,102.5,cm,,PT0H,PT1H,0,C,2,0.0,2025-03-18T21:00:00.000Z,SN90450:0
surface_snow_thickness,102.0,cm,,PT0H,PT1H,0,C,2,0.0,2025-03-18T22:00:00.000Z,SN90450:0
surface_snow_thickness,101.8,cm,,PT0H,PT1H,0,C,2,0.0,2025-03-18T23:00:00.000Z,SN90450:0
surface_snow_thickness,102.0,cm,,PT6H,P1D,0,C,2,0.0,2025-03-19T00:00:00.000Z,SN90450:0
surface_snow_thickness,101.6,cm,,PT0H,PT1H,0,C,2,0.0,2025-03-19T00:00:00.000Z,SN90450:0
surface_snow_thickness,101.1,cm,,PT0H,PT1H,0,C,2,0.0,2025-03-19T01:00:00.000Z,SN90450:0
surface_snow_thickness,101.3,cm,,PT0H,PT1H,0,C,2,0.0,2025-03-19T02:00:00.000Z,SN90450:0
surface_snow_thickness,100.9,cm,,PT0H,PT1H,0,C,2,0.0,2025-03-19T03:00:00.000Z,SN90450:0
surface_snow_thickness,100.6,cm,,PT0H,PT1H,0,C,2,0.0,2025-03-19T04:00:00.000Z,SN90450:0
surface_snow_thickness,102.3,cm,,PT0H,PT1H,0,C,2,0.0,2025-03-19T05:00:00.000Z,SN90450:0
surface_snow_thickness,102.0,cm,,PT0H,PT1H,0,C,2,0.0,2025-03-19T06:00:00.000Z,SN90450:0
surface_snow_thickness,101.6,cm,,PT0H,PT1H,0,C,2,0.0,2025-03-19T07:00:00.000Z,SN90450:0
surface_snow_thickness,101.9,cm,,PT0H,PT1H,0,C,2,0.0,2025-03-19T08:00:00.000Z,SN90450:0
surface_snow_thickness,101.6,cm,,PT0H,PT1H,0,C,2,0.0,2025-03-19T09:00:00.000Z,SN90450:0
surface_snow_thickness,103.6,cm,,PT0H,PT1H,0,C,2,0.0,2025-03-19T10:00:00.000Z,SN90450:0
surface_snow_thickness,104.1,cm,,PT0H,PT1H,0,C,2,0.0,2025-03-19T11:00:00.000Z,SN90450:0
surface_snow_thickness,104.3,cm,,PT0H,PT1H,0,C,2,0.0,2025-03-19T12:00:00.000Z,SN90450:0
surface_snow_thickness,104.8,cm,,PT0H,PT1H,0,C,2,0.0,2025-03-19T13:00:00.000Z,SN90450:0
surface_snow_thickness,104.6,cm,,PT0H,PT1H,0,C,2,0.0,2025-03-19T14:00:00.000Z,SN90450:0
surface_snow_thickness,104.4,cm,,PT0H,PT1H,0,C,2,0.0,2025-03-19T15:00:00.000Z,SN90450:0
surface_snow_thickness,104.1,cm,,PT0H,PT1H,0,C,2,0.0,2025-03-19T16:00:00.000Z,SN90450:0
surface_snow_thickness,104.4,cm,,PT0H,PT1H,0,C,2,0.0,2025-03-19T17:00:00.000Z,SN90450:0
surface_snow_thickness,104.2,cm,,PT0H,PT1H,0,C,2,0.0,2025-03-19T18:00:00.000Z,SN90450:0
surface_snow_thickness,104.6,cm,,PT0H,PT1H,0,C,2,0.0,2025-03-19T19:00:00.000Z,SN90450:0
surface_snow_thickness,104.9,cm,,PT0H,PT1H,0,C,2,0.0,2025-03-19T20:00:00.000Z,SN90450:0
surface_snow_thickness,105.0,cm,,PT0H,PT1H,0,C,2,0.0,2025-03-19T21:00:00.000Z,SN90450:0
surface_snow_thickness,105.1,cm,,PT0H,PT1H,0,C,2,0.0,2025-03-19T22:00:00.000Z,SN90450:0
surface_snow_thickness,105.0,cm,,PT0H,PT1H,0,C,2,0.0,2025-03-19T23:00:00.000Z,SN90450:0
surface_snow_thickness,107.0,cm,,PT6H,P1D,0,C,2,0.0,2025-03-20T00:00:00.000Z,SN90450:0
surface_snow_thickness,106.8,cm,,PT0H,PT1H,0,C,2,0.0,2025-03-20T00:00:00.000Z,SN90450:0
surface_snow_thickness,107.7,cm,,PT0H,PT1H,0,C,2,0.0,2025-03-20T01:00:00.000Z,SN90450:0
surface_snow_thickness,108.4,cm,,PT0H,PT1H,0,C,2,0.0,2025-03-20T02:00:00.000Z,SN90450:0
surface_snow_thickness,107.9,cm,,PT0H,PT1H,0,C,2,0.0,2025-03-20T03:00:00.000Z,SN90450:0
surface_snow_thickness,107.6,cm,,PT0H,PT1H,0,C,2,0.0,2025-03-20T04:00:00.000Z,SN90450:0
surface_snow_thickness,107.1,cm,,PT0H,PT1H,0,C,2,0.0,2025-03-20T05:00:00.000Z,SN90450:0
surface_snow_thickness,106.9,cm,,PT0H,PT1H,0,C,2,0.0,2025-03-20T06:00:00.000Z,SN90450:0
surface_snow_thickness,106.8,cm,,PT0H,PT1H,0,C,2,0.0,2025-03-20T07:00:00.000Z,SN90450:0
surface_snow_thickness,107.9,cm,,PT0H,PT1H,0,C,2,0.0,2025-03-20T08:00:00.000Z,SN90450:0
surface_snow_thickness,108.8,cm,,PT0H,PT1H,0,C,2,0.0,2025-03-20T09:00:00.000Z,SN90450:0
surface_snow_thickness,108.5,cm,,PT0H,PT1H,0,C,2,0.0,2025-03-20T10:00:00.000Z,SN90450:0
surface_snow_thickness,107.9,cm,,PT0H,PT1H,0,C,2,0.0,2025-03-20T11:00:00.000Z,SN90450:0
surface_snow_thickness,108.0,cm,,PT0H,PT1H,0,C,2,0.0,2025-03-20T12:00:00.000Z,SN90450:0
surface_snow_thickness,108.7,cm,,PT0H,PT1H,0,C,2,0.0,2025-03-20T13:00:00.000Z,SN90450:0
surface_snow_thickness,108.6,cm,,PT0H,PT1H,0,C,2,0.0,2025-03-20T14:00:00.000Z,SN90450:0
surface_snow_thickness,108.2,cm,,PT0H,PT1H,0,C,2,0.0,2025-03-20T15:00:00.000Z,SN90450:0
surface_snow_thickness,108.8,cm,,PT0H,PT1H,0,C,2,0.0,2025-03-20T16:00:00.000Z,SN90450:0
surface_snow_thickness,109.1,cm,,PT0H,PT1H,0,C,2,0.0,2025-03-20T17:00:00.000Z,SN90450:0
surface_snow_thickness,108.9,cm,,PT0H,PT1H,0,C,2,0.0,2025-03-20T18:00:00.000Z,SN90450:0
surface_snow_thickness,109.0,cm,,PT0H,PT1H,0,C,2,0.0,2025-03-20T19:00:00.000Z,SN90450:0
surface_snow_thickness,108.9,cm,,PT0H,PT1H,0,C,2,0.0,2025-03-20T20:00:00.000Z,SN90450:0
surface_snow_thickness,108.6,cm,,PT0H,PT1H,0,C,2,0.0,2025-03-20T21:00:00.000Z,SN90450:0
surface_snow_thickness,108.3,cm,,PT0H,PT1H,0,C,2,0.0,2025-03-20T22:00:00.000Z,SN90450:0
surface_snow_thickness,108.0,cm,,PT0H,PT1H,0,C,2,0.0,2025-03-20T23:00:00.000Z,SN90450:0
surface_snow_thickness,110.0,cm,,PT6H,P1D,0,C,2,0.0,2025-03-21T00:00:00.000Z,SN90450:0
surface_snow_thickness,107.7,cm,,PT0H,PT1H,0,C,2,0.0,2025-03-21T00:00:00.000Z,SN90450:0
surface_snow_thickness,107.8,cm,,PT0H,PT1H,0,C,2,0.0,2025-03-21T01:00:00.000Z,SN90450:0
surface_snow_thickness,108.4,cm,,PT0H,PT1H,0,C,2,0.0,2025-03-21T02:00:00.000Z,SN90450:0
surface_snow_thickness,108.2,cm,,PT0H,PT1H,0,C,2,0.0,2025-03-21T03:00:00.000Z,SN90450:0
surface_snow_thickness,110.0,cm,,PT0H,PT1H,0,C,2,0.0,2025-03-21T04:00:00.000Z,SN90450:0
surface_snow_thickness,109.9,cm,,PT0H,PT1H,0,C,2,0.0,2025-03-21T05:00:00.000Z,SN90450:0
surface_snow_thickness,110.0,cm,,PT0H,PT1H,0,C,2,0.0,2025-03-21T06:00:00.000Z,SN90450:0
surface_snow_thickness,110.3,cm,,PT0H,PT1H,0,C,2,0.0,2025-03-21T07:00:00.000Z,SN90450:0
surface_snow_thickness,110.2,cm,,PT0H,PT1H,0,C,2,0.0,2025-03-21T08:00:00.000Z,SN90450:0
surface_snow_thickness,109.9,cm,,PT0H,PT1H,0,C,2,0.0,2025-03-21T09:00:00.000Z,SN90450:0
surface_snow_thickness,109.5,cm,,PT0H,PT1H,0,C,2,0.0,2025-03-21T10:00:00.000Z,SN90450:0
surface_snow_thickness,109.2,cm,,PT0H,PT1H,0,C,2,0.0,2025-03-21T11:00:00.000Z,SN90450:0
surface_snow_thickness,108.9,cm,,PT0H,PT1H,0,C,2,0.0,2025-03-21T12:00:00.000Z,SN90450:0
surface_snow_thickness,108.5,cm,,PT0H,PT1H,0,C,2,0.0,2025-03-21T13:00:00.000Z,SN90450:0
surface_snow_thickness,108.0,cm,,PT0H,PT1H,0,C,2,0.0,2025-03-21T14:00:00.000Z,SN90450:0
surface_snow_thickness,107.7,cm,,PT0H,PT1H,0,C,2,0.0,2025-03-21T15:00:00.000Z,SN90450:0
surface_snow_thickness,107.2,cm,,PT0H,PT1H,0,C,2,0.0,2025-03-21T16:00:00.000Z,SN90450:0
surface_snow_thickness,106.9,cm,,PT0H,PT1H,0,C,2,0.0,2025-03-21T17:00:00.000Z,SN90450:0
surface_snow_thickness,106.6,cm,,PT0H,PT1H,0,C,2,0.0,2025-03-21T18:00:00.000Z,SN90450:0
surface_snow_thickness,106.3,cm,,PT0H,PT1H,0,C,2,0.0,2025-03-21T19:00:00.000Z,SN90450:0
surface_snow_thickness,106.1,cm,,PT0H,PT1H,0,C,2,0.0,2025-03-21T20:00:00.000Z,SN90450:0
surface_snow_thickness,105.6,cm,,PT0H,PT1H,0,C,2,0.0,2025-03-21T21:00:00.000Z,SN90450:0
surface_snow_thickness,105.1,cm,,PT0H,PT1H,0,C,2,0.0,2025-03-21T22:00:00.000Z,SN90450:0
surface_snow_thickness,104.3,cm,,PT0H,PT1H,0,C,2,0.0,2025-03-21T23:00:00.000Z,SN90450:0
surface_snow_thickness,97.0,cm,,PT6H,P1D,0,C,2,0.0,2025-03-22T00:00:00.000Z,SN90450:0
surface_snow_thickness,102.4,cm,,PT0H,PT1H,0,C,2,0.0,2025-03-22T00:00:00.000Z,SN90450:0
surface_snow_thickness,101.2,cm,,PT0H,PT1H,0,C,2,0.0,2025-03-22T01:00:00.000Z,SN90450:0
surface_snow_thickness,99.9,cm,,PT0H,PT1H,0,C,2,0.0,2025-03-22T02:00:00.000Z,SN90450:0
surface_snow_thickness,99.4,cm,,PT0H,PT1H,0,C,2,0.0,2025-03-22T03:00:00.000Z,SN90450:0
surface_snow_thickness,98.4,cm,,PT0H,PT1H,0,C,2,0.0,2025-03-22T04:00:00.000Z,SN90450:0
surface_snow_thickness,97.4,cm,,PT0H,PT1H,0,C,2,0.0,2025-03-22T05:00:00.000Z,SN90450:0
surface_snow_thickness,96.7,cm,,PT0H,PT1H,0,C,2,0.0,2025-03-22T06:00:00.000Z,SN90450:0
surface_snow_thickness,96.2,cm,,PT0H,PT1H,0,C,2,0.0,2025-03-22T07:00:00.000Z,SN90450:0
surface_snow_thickness,95.8,cm,,PT0H,PT1H,0,C,2,0.0,2025-03-22T08:00:00.000Z,SN90450:0
surface_snow_thickness,95.2,cm,,PT0H,PT1H,0,C,2,0.0,2025-03-22T09:00:00.000Z,SN90450:0
surface_snow_thickness,94.1,cm,,PT0H,PT1H,0,C,2,0.0,2025-03-22T10:00:00.000Z,SN90450:0
surface_snow_thickness,93.3,cm,,PT0H,PT1H,0,C,2,0.0,2025-03-22T11:00:00.000Z,SN90450:0
surface_snow_thickness,92.5,cm,,PT0H,PT1H,0,C,2,0.0,2025-03-22T12:00:00.000Z,SN90450:0
surface_snow_thickness,91.6,cm,,PT0H,PT1H,0,C,2,0.0,2025-03-22T13:00:00.000Z,SN90450:0
surface_snow_thickness,90.8,cm,,PT0H,PT1H,0,C,2,0.0,2025-03-22T14:00:00.000Z,SN90450:0
surface_snow_thickness,90.3,cm,,PT0H,PT1H,0,C,2,0.0,2025-03-22T15:00:00.000Z,SN90450:0
surface_snow_thickness,89.7,cm,,PT0H,PT1H,0,C,2,0.0,2025-03-22T16:00:00.000Z,SN90450:0
surface_snow_thickness,89.2,cm,,PT0H,PT1H,0,C,2,0.0,2025-03-22T17:00:00.000Z,SN90450:0
surface_snow_thickness,88.9,cm,,PT0H,PT1H,0,C,2,0.0,2025-03-22T18:00:00.000Z,SN90450:0
surface_snow_thickness,88.6,cm,,PT0H,PT1H,0,C,2,0.0,2025-03-22T19:00:00.000Z,SN90450:0
surface_snow_thickness,88.4,cm,,PT0H,PT1H,0,C,2,0.0,2025-03-22T20:00:00.000Z,SN90450:0
surface_snow_thickness,88.1,cm,,PT0H,PT1H,0,C,2,0.0,2025-03-22T21:00:00.000Z,SN90450:0
surface_snow_thickness,87.9,cm,,PT0H,PT1H,0,C,2,0.0,2025-03-22T22:00:00.000Z,SN90450:0
surface_snow_thickness,87.7,cm,,PT0H,PT1H,0,C,2,0.0,2025-03-22T23:00:00.000Z,SN90450:0
surface_snow_thickness,86.0,cm,,PT6H,P1D,0,C,2,0.0,2025-03-23T00:00:00.000Z,SN90450:0
surface_snow_thickness,87.6,cm,,PT0H,PT1H,0,C,2,0.0,2025-03-23T00:00:00.000Z,SN90450:0
surface_snow_thickness,87.3,cm,,PT0H,PT1H,0,C,2,0.0,2025-03-23T01:00:00.000Z,SN90450:0
surface_snow_thickness,87.2,cm,,PT0H,PT1H,0,C,2,0.0,2025-03-23T02:00:00.000Z,SN90450:0
surface_snow_thickness,86.9,cm,,PT0H,PT1H,0,C,2,0.0,2025-03-23T03:00:00.000Z,SN90450:0
surface_snow_thickness,86.8,cm,,PT0H,PT1H,0,C,2,0.0,2025-03-23T04:00:00.000Z,SN90450:0
surface_snow_thickness,86.4,cm,,PT0H,PT1H,0,C,2,0.0,2025-03-23T05:00:00.000Z,SN90450:0
surface_snow_thickness,86.1,cm,,PT0H,PT1H,0,C,2,0.0,2025-03-23T06:00:00.000Z,SN90450:0
surface_snow_thickness,85.6,cm,,PT0H,PT1H,0,C,2,0.0,2025-03-23T07:00:00.000Z,SN90450:0
surface_snow_thickness,84.9,cm,,PT0H,PT1H,0,C,2,0.0,2025-03-23T08:00:00.000Z,SN90450:0
surface_snow_thickness,83.6,cm,,PT0H,PT1H,0,C,2,0.0,2025-03-23T09:00:00.000Z,SN90450:0
surface_snow_thickness,82.5,cm,,PT0H,PT1H,0,C,2,0.0,2025-03-23T10:00:00.000Z,SN90450:0
surface_snow_thickness,81.5,cm,,PT0H,PT1H,0,C,2,0.0,2025-03-23T11:00:00.000Z,SN90450:0
surface_snow_thickness,80.4,cm,,PT0H,PT1H,0,C,2,0.0,2025-03-23T12:00:00.000Z,SN90450:0
surface_snow_thickness,79.6,cm,,PT0H,PT1H,0,C,2,0.0,2025-03-23T13:00:00.000Z,SN90450:0
surface_snow_thickness,78.9,cm,,PT0H,PT1H,0,C,2,0.0,2025-03-23T14:00:00.000Z,SN90450:0
surface_snow_thickness,78.5,cm,,PT0H,PT1H,0,C,2,0.0,2025-03-23T15:00:00.000Z,SN90450:0
surface_snow_thickness,78.1,cm,,PT0H,PT1H,0,C,2,0.0,2025-03-23T16:00:00.000Z,SN90450:0
surface_snow_thickness,77.8,cm,,PT0H,PT1H,0,C,2,0.0,2025-03-23T17:00:00.000Z,SN90450:0
surface_snow_thickness,77.5,cm,,PT0H,PT1H,0,C,2,0.0,2025-03-23T18:00:00.000Z,SN90450:0
surface_snow_thickness,77.2,cm,,PT0H,PT1H,0,C,2,0.0,2025-03-23T19:00:00.000Z,SN90450:0
surface_snow_thickness,76.9,cm,,PT0H,PT1H,0,C,2,0.0,2025-03-23T20:00:00.000Z,SN90450:0
surface_snow_thickness,76.9,cm,,PT0H,PT1H,0,C,2,0.0,2025-03-23T21:00:00.000Z,SN90450:0
surface_snow_thickness,76.8,cm,,PT0H,PT1H,0,C,2,0.0,2025-03-23T22:00:00.000Z,SN90450:0
surface_snow_thickness,76.9,cm,,PT0H,PT1H,0,C,2,0.0,2025-03-23T23:00:00.000Z,SN90450:0
surface_snow_thickness,76.0,cm,,PT6H,P1D,0,C,2,0.0,2025-03-24T00:00:00.000Z,SN90450:0
surface_snow_thickness,76.8,cm,,PT0H,PT1H,0,C,2,0.0,2025-03-24T00:00:00.000Z,SN90450:0
surface_snow_thickness,76.5,cm,,PT0H,PT1H,0,C,2,0.0,2025-03-24T01:00:00.000Z,SN90450:0
surface_snow_thickness,76.3,cm,,PT0H,PT1H,0,C,2,0.0,2025-03-24T02:00:00.000Z,SN90450:0
surface_snow_thickness,76.3,cm,,PT0H,PT1H,0,C,2,0.0,2025-03-24T03:00:00.000Z,SN90450:0
surface_snow_thickness,76.2,cm,,PT0H,PT1H,0,C,2,0.0,2025-03-24T04:00:00.000Z,SN90450:0
surface_snow_thickness,76.2,cm,,PT0H,PT1H,0,C,2,0.0,2025-03-24T05:00:00.000Z,SN90450:0
surface_snow_thickness,76.3,cm,,PT0H,PT1H,0,C,2,0.0,2025-03-24T06:00:00.000Z,SN90450:0
surface_snow_thickness,76.2,cm,,PT0H,PT1H,0,C,2,0.0,2025-03-24T07:00:00.000Z,SN90450:0
surface_snow_thickness,76.2,cm,,PT0H,PT1H,0,C,2,0.0,2025-03-24T08:00:00.000Z,SN90450:0
surface_snow_thickness,76.2,cm,,PT0H,PT1H,0,C,2,0.0,2025-03-24T09:00:00.000Z,SN90450:0
surface_snow_thickness,76.1,cm,,PT0H,PT1H,0,C,2,0.0,2025-03-24T10:00:00.000Z,SN90450:0
surface_snow_thickness,75.9,cm,,PT0H,PT1H,0,C,2,0.0,2025-03-24T11:00:00.000Z,SN90450:0
surface_snow_thickness,75.7,cm,,PT0H,PT1H,0,C,2,0.0,2025-03-24T12:00:00.000Z,SN90450:0
surface_snow_thickness,75.7,cm,,PT0H,PT1H,0,C,2,0.0,2025-03-24T13:00:00.000Z,SN90450:0
surface_snow_thickness,75.7,cm,,PT0H,PT1H,0,C,2,0.0,2025-03-24T14:00:00.000Z,SN90450:0
surface_snow_thickness,75.6,cm,,PT0H,PT1H,0,C,2,0.0,2025-03-24T15:00:00.000Z,SN90450:0
surface_snow_thickness,75.7,cm,,PT0H,PT1H,0,C,2,0.0,2025-03-24T16:00:00.000Z,SN90450:0
surface_snow_thickness,75.3,cm,,PT0H,PT1H,0,C,2,0.0,2025-03-24T17:00:00.000Z,SN90450:0
surface_snow_thickness,75.1,cm,,PT0H,PT1H,0,C,2,0.0,2025-03-24T18:00:00.000Z,SN90450:0
surface_snow_thickness,75.1,cm,,PT0H,PT1H,0,C,2,0.0,2025-03-24T19:00:00.000Z,SN90450:0
surface_snow_thickness,75.6,cm,,PT0H,PT1H,0,C,2,0.0,2025-03-24T20:00:00.000Z,SN90450:0
surface_snow_thickness,75.7,cm,,PT0H,PT1H,0,C,2,0.0,2025-03-24T21:00:00.000Z,SN90450:0
surface_snow_thickness,75.7,cm,,PT0H,PT1H,0,C,2,0.0,2025-03-24T22:00:00.000Z,SN90450:0
surface_snow_thickness,75.8,cm,,PT0H,PT1H,0,C,2,0.0,2025-03-24T23:00:00.000Z,SN90450:0
surface_snow_thickness,82.0,cm,,PT6H,P1D,0,C,2,0.0,2025-03-25T00:00:00.000Z,SN90450:0
surface_snow_thickness,75.8,cm,,PT0H,PT1H,0,C,2,0.0,2025-03-25T00:00:00.000Z,SN90450:0
surface_snow_thickness,75.7,cm,,PT0H,PT1H,0,C,2,0.0,2025-03-25T01:00:00.000Z,SN90450:0
surface_snow_thickness,75.7,cm,,PT0H,PT1H,0,C,2,0.0,2025-03-25T02:00:00.000Z,SN90450:0
surface_snow_thickness,75.6,cm,,PT0H,PT1H,0,C,2,0.0,2025-03-25T03:00:00.000Z,SN90450:0
surface_snow_thickness,76.0,cm,,PT0H,PT1H,0,C,2,0.0,2025-03-25T04:00:00.000Z,SN90450:0
surface_snow_thickness,79.4,cm,,PT0H,PT1H,0,C,2,0.0,2025-03-25T05:00:00.000Z,SN90450:0
surface_snow_thickness,81.6,cm,,PT0H,PT1H,0,C,2,0.0,2025-03-25T06:00:00.000Z,SN90450:0
surface_snow_thickness,82.8,cm,,PT0H,PT1H,0,C,2,0.0,2025-03-25T07:00:00.000Z,SN90450:0
surface_snow_thickness,84.5,cm,,PT0H,PT1H,0,C,2,0.0,2025-03-25T08:00:00.000Z,SN90450:0
surface_snow_thickness,86.5,cm,,PT0H,PT1H,0,C,2,0.0,2025-03-25T09:00:00.000Z,SN90450:0
surface_snow_thickness,89.4,cm,,PT0H,PT1H,0,C,2,0.0,2025-03-25T10:00:00.000Z,SN90450:0
surface_snow_thickness,90.5,cm,,PT0H,PT1H,0,C,2,0.0,2025-03-25T11:00:00.000Z,SN90450:0
surface_snow_thickness,92.0,cm,,PT0H,PT1H,0,C,2,0.0,2025-03-25T12:00:00.000Z,SN90450:0
surface_snow_thickness,92.1,cm,,PT0H,PT1H,0,C,2,0.0,2025-03-25T13:00:00.000Z,SN90450:0
surface_snow_thickness,92.2,cm,,PT0H,PT1H,0,C,2,0.0,2025-03-25T14:00:00.000Z,SN90450:0
surface_snow_thickness,92.4,cm,,PT0H,PT1H,0,C,2,0.0,2025-03-25T15:00:00.000Z,SN90450:0
surface_snow_thickness,92.9,cm,,PT0H,PT1H,0,C,2,0.0,2025-03-25T16:00:00.000Z,SN90450:0
surface_snow_thickness,92.8,cm,,PT0H,PT1H,0,C,2,0.0,2025-03-25T17:00:00.000Z,SN90450:0
surface_snow_thickness,92.6,cm,,PT0H,PT1H,0,C,2,0.0,2025-03-25T18:00:00.000Z,SN90450:0
surface_snow_thickness,92.4,cm,,PT0H,PT1H,0,C,2,0.0,2025-03-25T19:00:00.000Z,SN90450:0
surface_snow_thickness,92.3,cm,,PT0H,PT1H,0,C,2,0.0,2025-03-25T20:00:00.000Z,SN90450:0
surface_snow_thickness,92.1,cm,,PT0H,PT1H,0,C,2,0.0,2025-03-25T21:00:00.000Z,SN90450:0
surface_snow_thickness,92.0,cm,,PT0H,PT1H,0,C,2,0.0,2025-03-25T22:00:00.000Z,SN90450:0
surface_snow_thickness,91.9,cm,,PT0H,PT1H,0,C,2,0.0,2025-03-25T23:00:00.000Z,SN90450:0
surface_snow_thickness,98.0,cm,,PT6H,P1D,0,C,2,0.0,2025-03-26T00:00:00.000Z,SN90450:0
surface_snow_thickness,93.6,cm,,PT0H,PT1H,0,C,2,0.0,2025-03-26T00:00:00.000Z,SN90450:0
surface_snow_thickness,94.3,cm,,PT0H,PT1H,0,C,2,0.0,2025-03-26T01:00:00.000Z,SN90450:0
surface_snow_thickness,94.2,cm,,PT0H,PT1H,0,C,2,0.0,2025-03-26T02:00:00.000Z,SN90450:0
surface_snow_thickness,95.9,cm,,PT0H,PT1H,0,C,2,0.0,2025-03-26T03:00:00.000Z,SN90450:0
surface_snow_thickness,96.9,cm,,PT0H,PT1H,0,C,2,0.0,2025-03-26T04:00:00.000Z,SN90450:0
surface_snow_thickness,97.8,cm,,PT0H,PT1H,0,C,2,0.0,2025-03-26T05:00:00.000Z,SN90450:0
surface_snow_thickness,98.4,cm,,PT0H,PT1H,0,C,2,0.0,2025-03-26T06:00:00.000Z,SN90450:0
surface_snow_thickness,100.7,cm,,PT0H,PT1H,0,C,2,0.0,2025-03-26T07:00:00.000Z,SN90450:0
surface_snow_thickness,102.1,cm,,PT0H,PT1H,0,C,2,0.0,2025-03-26T08:00:00.000Z,SN90450:0
surface_snow_thickness,103.0,cm,,PT0H,PT1H,0,C,2,0.0,2025-03-26T09:00:00.000Z,SN90450:0
surface_snow_thickness,103.8,cm,,PT0H,PT1H,0,C,2,0.0,2025-03-26T10:00:00.000Z,SN90450:0
surface_snow_thickness,104.8,cm,,PT0H,PT1H,0,C,2,0.0,2025-03-26T11:00:00.000Z,SN90450:0
surface_snow_thickness,105.1,cm,,PT0H,PT1H,0,C,2,0.0,2025-03-26T12:00:00.000Z,SN90450:0
surface_snow_thickness,105.4,cm,,PT0H,PT1H,0,C,2,0.0,2025-03-26T13:00:00.000Z,SN90450:0
surface_snow_thickness,107.3,cm,,PT0H,PT1H,0,C,2,0.0,2025-03-26T14:00:00.000Z,SN90450:0
surface_snow_thickness,108.4,cm,,PT0H,PT1H,0,C,2,0.0,2025-03-26T15:00:00.000Z,SN90450:0
surface_snow_thickness,108.0,cm,,PT0H,PT1H,0,C,2,0.0,2025-03-26T16:00:00.000Z,SN90450:0
surface_snow_thickness,107.4,cm,,PT0H,PT1H,0,C,2,0.0,2025-03-26T17:00:00.000Z,SN90450:0
surface_snow_thickness,107.2,cm,,PT0H,PT1H,0,C,2,0.0,2025-03-26T18:00:00.000Z,SN90450:0
surface_snow_thickness,106.9,cm,,PT0H,PT1H,0,C,2,0.0,2025-03-26T19:00:00.000Z,SN90450:0
surface_snow_thickness,106.7,cm,,PT0H,PT1H,0,C,2,0.0,2025-03-26T20:00:00.000Z,SN90450:0
surface_snow_thickness,106.4,cm,,PT0H,PT1H,0,C,2,0.0,2025-03-26T21:00:00.000Z,SN90450:0
surface_snow_thickness,106.4,cm,,PT0H,PT1H,0,C,2,0.0,2025-03-26T22:00:00.000Z,SN90450:0
surface_snow_thickness,107.4,cm,,PT0H,PT1H,0,C,2,0.0,2025-03-26T23:00:00.000Z,SN90450:0
surface_snow_thickness,111.0,cm,,PT6H,P1D,0,C,2,0.0,2025-03-27T00:00:00.000Z,SN90450:0
surface_snow_thickness,109.3,cm,,PT0H,PT1H,0,C,2,0.0,2025-03-27T00:00:00.000Z,SN90450:0
surface_snow_thickness,110.4,cm,,PT0H,PT1H,0,C,2,0.0,2025-03-27T01:00:00.000Z,SN90450:0
surface_snow_thickness,110.2,cm,,PT0H,PT1H,0,C,2,0.0,2025-03-27T02:00:00.000Z,SN90450:0
surface_snow_thickness,110.1,cm,,PT0H,PT1H,0,C,2,0.0,2025-03-27T03:00:00.000Z,SN90450:0
surface_snow_thickness,110.4,cm,,PT0H,PT1H,0,C,2,0.0,2025-03-27T04:00:00.000Z,SN90450:0
surface_snow_thickness,110.9,cm,,PT0H,PT1H,0,C,2,0.0,2025-03-27T05:00:00.000Z,SN90450:0
surface_snow_thickness,110.7,cm,,PT0H,PT1H,0,C,2,0.0,2025-03-27T06:00:00.000Z,SN90450:0
surface_snow_thickness,110.1,cm,,PT0H,PT1H,0,C,2,0.0,2025-03-27T07:00:00.000Z,SN90450:0
surface_snow_thickness,109.8,cm,,PT0H,PT1H,0,C,2,0.0,2025-03-27T08:00:00.000Z,SN90450:0
surface_snow_thickness,110.5,cm,,PT0H,PT1H,0,C,2,0.0,2025-03-27T09:00:00.000Z,SN90450:0
surface_snow_thickness,110.3,cm,,PT0H,PT1H,0,C,2,0.0,2025-03-27T10:00:00.000Z,SN90450:0
surface_snow_thickness,109.4,cm,,PT0H,PT1H,0,C,2,0.0,2025-03-27T11:00:00.000Z,SN90450:0
surface_snow_thickness,108.3,cm,,PT0H,PT1H,0,C,2,0.0,2025-03-27T12:00:00.000Z,SN90450:0
surface_snow_thickness,107.8,cm,,PT0H,PT1H,0,C,2,0.0,2025-03-27T13:00:00.000Z,SN90450:0
surface_snow_thickness,108.7,cm,,PT0H,PT1H,0,C,2,0.0,2025-03-27T14:00:00.000Z,SN90450:0
surface_snow_thickness,109.3,cm,,PT0H,PT1H,0,C,2,0.0,2025-03-27T15:00:00.000Z,SN90450:0
surface_snow_thickness,109.9,cm,,PT0H,PT1H,0,C,2,0.0,2025-03-27T16:00:00.000Z,SN90450:0
surface_snow_thickness,110.4,cm,,PT0H,PT1H,0,C,2,0.0,2025-03-27T17:00:00.000Z,SN90450:0
surface_snow_thickness,110.6,cm,,PT0H,PT1H,0,C,2,0.0,2025-03-27T18:00:00.000Z,SN90450:0
surface_snow_thickness,110.3,cm,,PT0H,PT1H,0,C,2,0.0,2025-03-27T19:00:00.000Z,SN90450:0
surface_snow_thickness,110.1,cm,,PT0H,PT1H,0,C,2,0.0,2025-03-27T20:00:00.000Z,SN90450:0
surface_snow_thickness,109.8,cm,,PT0H,PT1H,0,C,2,0.0,2025-03-27T21:00:00.000Z,SN90450:0
surface_snow_thickness,109.5,cm,,PT0H,PT1H,0,C,2,0.0,2025-03-27T22:00:00.000Z,SN90450:0
surface_snow_thickness,109.3,cm,,PT0H,PT1H,0,C,2,0.0,2025-03-27T23:00:00.000Z,SN90450:0
surface_snow_thickness,109.0,cm,,PT6H,P1D,0,C,2,0.0,2025-03-28T00:00:00.000Z,SN90450:0
surface_snow_thickness,109.4,cm,,PT0H,PT1H,0,C,2,0.0,2025-03-28T00:00:00.000Z,SN90450:0
surface_snow_thickness,109.5,cm,,PT0H,PT1H,0,C,2,0.0,2025-03-28T01:00:00.000Z,SN90450:0
surface_snow_thickness,109.3,cm,,PT0H,PT1H,0,C,2,0.0,2025-03-28T02:00:00.000Z,SN90450:0
surface_snow_thickness,109.1,cm,,PT0H,PT1H,0,C,2,0.0,2025-03-28T03:00:00.000Z,SN90450:0
surface_snow_thickness,108.9,cm,,PT0H,PT1H,0,C,2,0.0,2025-03-28T04:00:00.000Z,SN90450:0
surface_snow_thickness,108.7,cm,,PT0H,PT1H,0,C,2,0.0,2025-03-28T05:00:00.000Z,SN90450:0
surface_snow_thickness,108.6,cm,,PT0H,PT1H,0,C,2,0.0,2025-03-28T06:00:00.000Z,SN90450:0
surface_snow_thickness,108.6,cm,,PT0H,PT1H,0,C,2,0.0,2025-03-28T07:00:00.000Z,SN90450:0
surface_snow_thickness,109.0,cm,,PT0H,PT1H,0,C,2,0.0,2025-03-28T08:00:00.000Z,SN90450:0
surface_snow_thickness,108.3,cm,,PT0H,PT1H,0,C,2,0.0,2025-03-28T09:00:00.000Z,SN90450:0
surface_snow_thickness,107.7,cm,,PT0H,PT1H,0,C,2,0.0,2025-03-28T10:00:00.000Z,SN90450:0
surface_snow_thickness,107.2,cm,,PT0H,PT1H,0,C,2,0.0,2025-03-28T11:00:00.000Z,SN90450:0
surface_snow_thickness,106.6,cm,,PT0H,PT1H,0,C,2,0.0,2025-03-28T12:00:00.000Z,SN90450:0
surface_snow_thickness,106.1,cm,,PT0H,PT1H,0,C,2,0.0,2025-03-28T13:00:00.000Z,SN90450:0
surface_snow_thickness,105.5,cm,,PT0H,PT1H,0,C,2,0.0,2025-03-28T14:00:00.000Z,SN90450:0
surface_snow_thickness,105.2,cm,,PT0H,PT1H,0,C,2,0.0,2025-03-28T15:00:00.000Z,SN90450:0
surface_snow_thickness,104.9,cm,,PT0H,PT1H,0,C,2,0.0,2025-03-28T16:00:00.000Z,SN90450:0
surface_snow_thickness,104.5,cm,,PT0H,PT1H,0,C,2,0.0,2025-03-28T17:00:00.000Z,SN90450:0
surface_snow_thickness,104.2,cm,,PT0H,PT1H,0,C,2,0.0,2025-03-28T18:00:00.000Z,SN90450:0
surface_snow_thickness,104.0,cm,,PT0H,PT1H,0,C,2,0.0,2025-03-28T19:00:00.000Z,SN90450:0
surface_snow_thickness,103.8,cm,,PT0H,PT1H,0,C,2,0.0,2025-03-28T20:00:00.000Z,SN90450:0
surface_snow_thickness,103.9,cm,,PT0H,PT1H,0,C,2,0.0,2025-03-28T21:00:00.000Z,SN90450:0
surface_snow_thickness,103.9,cm,,PT0H,PT1H,0,C,2,0.0,2025-03-28T22:00:00.000Z,SN90450:0
surface_snow_thickness,105.4,cm,,PT0H,PT1H,0,C,2,0.0,2025-03-28T23:00:00.000Z,SN90450:0
surface_snow_thickness,115.0,cm,,PT6H,P1D,0,C,2,0.0,2025-03-29T00:00:00.000Z,SN90450:0
surface_snow_thickness,107.5,cm,,PT0H,PT1H,0,C,2,0.0,2025-03-29T00:00:00.000Z,SN90450:0
surface_snow_thickness,109.1,cm,,PT0H,PT1H,0,C,2,0.0,2025-03-29T01:00:00.000Z,SN90450:0
surface_snow_thickness,109.6,cm,,PT0H,PT1H,0,C,2,0.0,2025-03-29T02:00:00.000Z,SN90450:0
surface_snow_thickness,110.6,cm,,PT0H,PT1H,0,C,2,0.0,2025-03-29T03:00:00.000Z,SN90450:0
surface_snow_thickness,111.6,cm,,PT0H,PT1H,0,C,2,0.0,2025-03-29T04:00:00.000Z,SN90450:0
surface_snow_thickness,113.1,cm,,PT0H,PT1H,0,C,2,0.0,2025-03-29T05:00:00.000Z,SN90450:0
surface_snow_thickness,114.9,cm,,PT0H,PT1H,0,C,2,0.0,2025-03-29T06:00:00.000Z,SN90450:0
surface_snow_thickness,114.5,cm,,PT0H,PT1H,0,C,2,0.0,2025-03-29T07:00:00.000Z,SN90450:0
surface_snow_thickness,114.6,cm,,PT0H,PT1H,0,C,2,0.0,2025-03-29T08:00:00.000Z,SN90450:0
surface_snow_thickness,114.7,cm,,PT0H,PT1H,0,C,2,0.0,2025-03-29T09:00:00.000Z,SN90450:0
surface_snow_thickness,114.3,cm,,PT0H,PT1H,0,C,2,0.0,2025-03-29T10:00:00.000Z,SN90450:0
surface_snow_thickness,113.6,cm,,PT0H,PT1H,0,C,2,0.0,2025-03-29T11:00:00.000Z,SN90450:0
surface_snow_thickness,113.8,cm,,PT0H,PT1H,0,C,2,0.0,2025-03-29T12:00:00.000Z,SN90450:0
surface_snow_thickness,113.6,cm,,PT0H,PT1H,0,C,2,0.0,2025-03-29T13:00:00.000Z,SN90450:0
surface_snow_thickness,113.7,cm,,PT0H,PT1H,0,C,2,0.0,2025-03-29T14:00:00.000Z,SN90450:0
surface_snow_thickness,114.0,cm,,PT0H,PT1H,0,C,2,0.0,2025-03-29T15:00:00.000Z,SN90450:0
surface_snow_thickness,114.3,cm,,PT0H,PT1H,0,C,2,0.0,2025-03-29T16:00:00.000Z,SN90450:0
surface_snow_thickness,114.0,cm,,PT0H,PT1H,0,C,2,0.0,2025-03-29T17:00:00.000Z,SN90450:0
surface_snow_thickness,113.9,cm,,PT0H,PT1H,0,C,2,0.0,2025-03-29T18:00:00.000Z,SN90450:0
surface_snow_thickness,113.7,cm,,PT0H,PT1H,0,C,2,0.0,2025-03-29T19:00:00.000Z,SN90450:0
surface_snow_thickness,113.6,cm,,PT0H,PT1H,0,C,2,0.0,2025-03-29T20:00:00.000Z,SN90450:0
surface_snow_thickness,113.5,cm,,PT0H,PT1H,0,C,2,0.0,2025-03-29T21:00:00.000Z,SN90450:0
surface_snow_thickness,113.4,cm,,PT0H,PT1H,0,C,2,0.0,2025-03-29T22:00:00.000Z,SN90450:0
surface_snow_thickness,113.1,cm,,PT0H,PT1H,0,C,2,0.0,2025-03-29T23:00:00.000Z,SN90450:0
surface_snow_thickness,112.0,cm,,PT6H,P1D,0,C,2,0.0,2025-03-30T00:00:00.000Z,SN90450:0
surface_snow_thickness,112.9,cm,,PT0H,PT1H,0,C,2,0.0,2025-03-30T00:00:00.000Z,SN90450:0
surface_snow_thickness,112.9,cm,,PT0H,PT1H,0,C,2,0.0,2025-03-30T01:00:00.000Z,SN90450:0
surface_snow_thickness,112.9,cm,,PT0H,PT1H,0,C,2,0.0,2025-03-30T02:00:00.000Z,SN90450:0
surface_snow_thickness,112.7,cm,,PT0H,PT1H,0,C,2,0.0,2025-03-30T03:00:00.000Z,SN90450:0
surface_snow_thickness,112.5,cm,,PT0H,PT1H,0,C,2,0.0,2025-03-30T04:00:00.000Z,SN90450:0
surface_snow_thickness,112.2,cm,,PT0H,PT1H,0,C,2,0.0,2025-03-30T05:00:00.000Z,SN90450:0
surface_snow_thickness,112.1,cm,,PT0H,PT1H,0,C,2,0.0,2025-03-30T06:00:00.000Z,SN90450:0
surface_snow_thickness,112.0,cm,,PT0H,PT1H,0,C,2,0.0,2025-03-30T07:00:00.000Z,SN90450:0
surface_snow_thickness,111.9,cm,,PT0H,PT1H,0,C,2,0.0,2025-03-30T08:00:00.000Z,SN90450:0
surface_snow_thickness,111.7,cm,,PT0H,PT1H,0,C,2,0.0,2025-03-30T09:00:00.000Z,SN90450:0
surface_snow_thickness,111.6,cm,,PT0H,PT1H,0,C,2,0.0,2025-03-30T10:00:00.000Z,SN90450:0
surface_snow_thickness,111.4,cm,,PT0H,PT1H,0,C,2,0.0,2025-03-30T11:00:00.000Z,SN90450:0
surface_snow_thickness,111.1,cm,,PT0H,PT1H,0,C,2,0.0,2025-03-30T12:00:00.000Z,SN90450:0
surface_snow_thickness,111.0,cm,,PT0H,PT1H,0,C,2,0.0,2025-03-30T13:00:00.000Z,SN90450:0
surface_snow_thickness,110.9,cm,,PT0H,PT1H,0,C,2,0.0,2025-03-30T14:00:00.000Z,SN90450:0
surface_snow_thickness,110.7,cm,,PT0H,PT1H,0,C,2,0.0,2025-03-30T15:00:00.000Z,SN90450:0
surface_snow_thickness,110.7,cm,,PT0H,PT1H,0,C,2,0.0,2025-03-30T16:00:00.000Z,SN90450:0
surface_snow_thickness,110.7,cm,,PT0H,PT1H,0,C,2,0.0,2025-03-30T17:00:00.000Z,SN90450:0
surface_snow_thickness,110.6,cm,,PT0H,PT1H,0,C,2,0.0,2025-03-30T18:00:00.000Z,SN90450:0
surface_snow_thickness,110.3,cm,,PT0H,PT1H,0,C,2,0.0,2025-03-30T19:00:00.000Z,SN90450:0
surface_snow_thickness,110.3,cm,,PT0H,PT1H,0,C,2,0.0,2025-03-30T20:00:00.000Z,SN90450:0
surface_snow_thickness,109.9,cm,,PT0H,PT1H,0,C,2,0.0,2025-03-30T21:00:00.000Z,SN90450:0
surface_snow_thickness,109.9,cm,,PT0H,PT1H,0,C,2,0.0,2025-03-30T22:00:00.000Z,SN90450:0
surface_snow_thickness,109.7,cm,,PT0H,PT1H,0,C,2,0.0,2025-03-30T23:00:00.000Z,SN90450:0
surface_snow_thickness,110.0,cm,,PT6H,P1D,0,C,2,0.0,2025-03-31T00:00:00.000Z,SN90450:0
surface_snow_thickness,109.9,cm,,PT0H,PT1H,0,C,2,0.0,2025-03-31T00:00:00.000Z,SN90450:0
surface_snow_thickness,110.0,cm,,PT0H,PT1H,0,C,2,0.0,2025-03-31T01:00:00.000Z,SN90450:0
surface_snow_thickness,110.3,cm,,PT0H,PT1H,0,C,2,0.0,2025-03-31T02:00:00.000Z,SN90450:0
surface_snow_thickness,110.1,cm,,PT0H,PT1H,0,C,2,0.0,2025-03-31T03:00:00.000Z,SN90450:0
surface_snow_thickness,110.1,cm,,PT0H,PT1H,0,C,2,0.0,2025-03-31T04:00:00.000Z,SN90450:0
surface_snow_thickness,110.1,cm,,PT0H,PT1H,0,C,2,0.0,2025-03-31T05:00:00.000Z,SN90450:0
surface_snow_thickness,109.8,cm,,PT0H,PT1H,0,C,2,0.0,2025-03-31T06:00:00.000Z,SN90450:0
surface_snow_thickness,109.6,cm,,PT0H,PT1H,0,C,2,0.0,2025-03-31T07:00:00.000Z,SN90450:0
surface_snow_thickness,109.6,cm,,PT0H,PT1H,0,C,2,0.0,2025-03-31T08:00:00.000Z,SN90450:0
surface_snow_thickness,109.6,cm,,PT0H,PT1H,0,C,2,0.0,2025-03-31T09:00:00.000Z,SN90450:0
surface_snow_thickness,109.4,cm,,PT0H,PT1H,0,C,2,0.0,2025-03-31T10:00:00.000Z,SN90450:0
surface_snow_thickness,108.6,cm,,PT0H,PT1H,0,C,2,0.0,2025-03-31T11:00:00.000Z,SN90450:0
surface_snow_thickness,108.0,cm,,PT0H,PT1H,0,C,2,0.0,2025-03-31T12:00:00.000Z,SN90450:0
surface_snow_thickness,107.8,cm,,PT0H,PT1H,0,C,2,0.0,2025-03-31T13:00:00.000Z,SN90450:0
surface_snow_thickness,107.5,cm,,PT0H,PT1H,0,C,2,0.0,2025-03-31T14:00:00.000Z,SN90450:0
surface_snow_thickness,107.1,cm,,PT0H,PT1H,0,C,2,0.0,2025-03-31T15:00:00.000Z,SN90450:0
surface_snow_thickness,106.9,cm,,PT0H,PT1H,0,C,2,0.0,2025-03-31T16:00:00.000Z,SN90450:0
surface_snow_thickness,106.8,cm,,PT0H,PT1H,0,C,2,0.0,2025-03-31T17:00:00.000Z,SN90450:0
surface_snow_thickness,106.7,cm,,PT0H,PT1H,0,C,2,0.0,2025-03-31T18:00:00.000Z,SN90450:0
surface_snow_thickness,106.5,cm,,PT0H,PT1H,0,C,2,0.0,2025-03-31T19:00:00.000Z,SN90450:0
surface_snow_thickness,106.4,cm,,PT0H,PT1H,0,C,2,0.0,2025-03-31T20:00:00.000Z,SN90450:0
surface_snow_thickness,106.3,cm,,PT0H,PT1H,0,C,2,0.0,2025-03-31T21:00:00.000Z,SN90450:0
surface_snow_thickness,106.2,cm,,PT0H,PT1H,0,C,2,0.0,2025-03-31T22:00:00.000Z,SN90450:0
surface_snow_thickness,106.2,cm,,PT0H,PT1H,0,C,2,0.0,2025-03-31T23:00:00.000Z,SN90450:0
surface_snow_thickness,106.0,cm,,PT6H,P1D,0,C,2,0.0,2025-04-01T00:00:00.000Z,SN90450:0
surface_snow_thickness,106.0,cm,,PT0H,PT1H,0,C,2,0.0,2025-04-01T00:00:00.000Z,SN90450:0
surface_snow_thickness,105.9,cm,,PT0H,PT1H,0,C,2,0.0,2025-04-01T01:00:00.000Z,SN90450:0
surface_snow_thickness,105.9,cm,,PT0H,PT1H,0,C,2,0.0,2025-04-01T02:00:00.000Z,SN90450:0
surface_snow_thickness,105.8,cm,,PT0H,PT1H,0,C,2,0.0,2025-04-01T03:00:00.000Z,SN90450:0
surface_snow_thickness,106.3,cm,,PT0H,PT1H,0,C,2,0.0,2025-04-01T04:00:00.000Z,SN90450:0
surface_snow_thickness,106.1,cm,,PT0H,PT1H,0,C,2,0.0,2025-04-01T05:00:00.000Z,SN90450:0
surface_snow_thickness,106.0,cm,,PT0H,PT1H,0,C,2,0.0,2025-04-01T06:00:00.000Z,SN90450:0
surface_snow_thickness,105.9,cm,,PT0H,PT1H,0,C,2,0.0,2025-04-01T07:00:00.000Z,SN90450:0
surface_snow_thickness,105.8,cm,,PT0H,PT1H,0,C,2,0.0,2025-04-01T08:00:00.000Z,SN90450:0
surface_snow_thickness,105.5,cm,,PT0H,PT1H,0,C,2,0.0,2025-04-01T09:00:00.000Z,SN90450:0
surface_snow_thickness,105.0,cm,,PT0H,PT1H,0,C,2,0.0,2025-04-01T10:00:00.000Z,SN90450:0
surface_snow_thickness,103.7,cm,,PT0H,PT1H,0,C,2,0.0,2025-04-01T11:00:00.000Z,SN90450:0
surface_snow_thickness,103.2,cm,,PT0H,PT1H,0,C,2,0.0,2025-04-01T12:00:00.000Z,SN90450:0
surface_snow_thickness,102.5,cm,,PT0H,PT1H,0,C,2,0.0,2025-04-01T13:00:00.000Z,SN90450:0
surface_snow_thickness,101.7,cm,,PT0H,PT1H,0,C,2,0.0,2025-04-01T14:00:00.000Z,SN90450:0
surface_snow_thickness,100.9,cm,,PT0H,PT1H,0,C,2,0.0,2025-04-01T15:00:00.000Z,SN90450:0
surface_snow_thickness,100.5,cm,,PT0H,PT1H,0,C,2,0.0,2025-04-01T16:00:00.000Z,SN90450:0
surface_snow_thickness,100.0,cm,,PT0H,PT1H,0,C,2,0.0,2025-04-01T17:00:00.000Z,SN90450:0
surface_snow_thickness,99.7,cm,,PT0H,PT1H,0,C,2,0.0,2025-04-01T18:00:00.000Z,SN90450:0
surface_snow_thickness,98.4,cm,,PT0H,PT1H,0,C,2,0.0,2025-04-01T19:00:00.000Z,SN90450:0
surface_snow_thickness,97.2,cm,,PT0H,PT1H,0,C,2,0.0,2025-04-01T20:00:00.000Z,SN90450:0
surface_snow_thickness,95.7,cm,,PT0H,PT1H,0,C,2,0.0,2025-04-01T21:00:00.000Z,SN90450:0
surface_snow_thickness,94.2,cm,,PT0H,PT1H,0,C,2,0.0,2025-04-01T22:00:00.000Z,SN90450:0
surface_snow_thickness,93.0,cm,,PT0H,PT1H,0,C,2,0.0,2025-04-01T23:00:00.000Z,SN90450:0
surface_snow_thickness,90.0,cm,,PT6H,P1D,0,C,2,0.0,2025-04-02T00:00:00.000Z,SN90450:0
surface_snow_thickness,92.0,cm,,PT0H,PT1H,0,C,2,0.0,2025-04-02T00:00:00.000Z,SN90450:0
surface_snow_thickness,91.4,cm,,PT0H,PT1H,0,C,2,0.0,2025-04-02T01:00:00.000Z,SN90450:0
surface_snow_thickness,91.2,cm,,PT0H,PT1H,0,C,2,0.0,2025-04-02T02:00:00.000Z,SN90450:0
surface_snow_thickness,91.0,cm,,PT0H,PT1H,0,C,2,0.0,2025-04-02T03:00:00.000Z,SN90450:0
surface_snow_thickness,90.7,cm,,PT0H,PT1H,0,C,2,0.0,2025-04-02T04:00:00.000Z,SN90450:0
surface_snow_thickness,90.4,cm,,PT0H,PT1H,0,C,2,0.0,2025-04-02T05:00:00.000Z,SN90450:0
surface_snow_thickness,90.2,cm,,PT0H,PT1H,0,C,2,0.0,2025-04-02T06:00:00.000Z,SN90450:0
surface_snow_thickness,89.6,cm,,PT0H,PT1H,0,C,2,0.0,2025-04-02T07:00:00.000Z,SN90450:0
surface_snow_thickness,89.3,cm,,PT0H,PT1H,0,C,2,0.0,2025-04-02T08:00:00.000Z,SN90450:0
surface_snow_thickness,88.9,cm,,PT0H,PT1H,0,C,2,0.0,2025-04-02T09:00:00.000Z,SN90450:0
surface_snow_thickness,88.7,cm,,PT0H,PT1H,0,C,2,0.0,2025-04-02T10:00:00.000Z,SN90450:0
surface_snow_thickness,88.3,cm,,PT0H,PT1H,0,C,2,0.0,2025-04-02T11:00:00.000Z,SN90450:0
surface_snow_thickness,87.7,cm,,PT0H,PT1H,0,C,2,0.0,2025-04-02T12:00:00.000Z,SN90450:0
surface_snow_thickness,87.5,cm,,PT0H,PT1H,0,C,2,0.0,2025-04-02T13:00:00.000Z,SN90450:0
surface_snow_thickness,87.2,cm,,PT0H,PT1H,0,C,2,0.0,2025-04-02T14:00:00.000Z,SN90450:0
surface_snow_thickness,86.9,cm,,PT0H,PT1H,0,C,2,0.0,2025-04-02T15:00:00.000Z,SN90450:0
surface_snow_thickness,86.8,cm,,PT0H,PT1H,0,C,2,0.0,2025-04-02T16:00:00.000Z,SN90450:0
surface_snow_thickness,86.6,cm,,PT0H,PT1H,0,C,2,0.0,2025-04-02T17:00:00.000Z,SN90450:0
surface_snow_thickness,86.4,cm,,PT0H,PT1H,0,C,2,0.0,2025-04-02T18:00:00.000Z,SN90450:0
surface_snow_thickness,86.1,cm,,PT0H,PT1H,0,C,2,0.0,2025-04-02T19:00:00.000Z,SN90450:0
surface_snow_thickness,85.9,cm,,PT0H,PT1H,0,C,2,0.0,2025-04-02T20:00:00.000Z,SN90450:0
surface_snow_thickness,85.9,cm,,PT0H,PT1H,0,C,2,0.0,2025-04-02T21:00:00.000Z,SN90450:0
surface_snow_thickness,85.7,cm,,PT0H,PT1H,0,C,2,0.0,2025-04-02T22:00:00.000Z,SN90450:0
surface_snow_thickness,85.2,cm,,PT0H,PT1H,0,C,2,0.0,2025-04-02T23:00:00.000Z,SN90450:0
surface_snow_thickness,82.0,cm,,PT6H,P1D,0,C,2,0.0,2025-04-03T00:00:00.000Z,SN90450:0
surface_snow_thickness,85.0,cm,,PT0H,PT1H,0,C,2,0.0,2025-04-03T00:00:00.000Z,SN90450:0
surface_snow_thickness,84.3,cm,,PT0H,PT1H,0,C,2,0.0,2025-04-03T01:00:00.000Z,SN90450:0
surface_snow_thickness,84.2,cm,,PT0H,PT1H,0,C,2,0.0,2025-04-03T02:00:00.000Z,SN90450:0
surface_snow_thickness,83.9,cm,,PT0H,PT1H,0,C,2,0.0,2025-04-03T03:00:00.000Z,SN90450:0
surface_snow_thickness,83.4,cm,,PT0H,PT1H,0,C,2,0.0,2025-04-03T04:00:00.000Z,SN90450:0
surface_snow_thickness,82.8,cm,,PT0H,PT1H,0,C,2,0.0,2025-04-03T05:00:00.000Z,SN90450:0
surface_snow_thickness,82.2,cm,,PT0H,PT1H,0,C,2,0.0,2025-04-03T06:00:00.000Z,SN90450:0
surface_snow_thickness,81.3,cm,,PT0H,PT1H,0,C,2,0.0,2025-04-03T07:00:00.000Z,SN90450:0
surface_snow_thickness,80.9,cm,,PT0H,PT1H,0,C,2,0.0,2025-04-03T08:00:00.000Z,SN90450:0
surface_snow_thickness,80.3,cm,,PT0H,PT1H,0,C,2,0.0,2025-04-03T09:00:00.000Z,SN90450:0
surface_snow_thickness,79.8,cm,,PT0H,PT1H,0,C,2,0.0,2025-04-03T10:00:00.000Z,SN90450:0
surface_snow_thickness,79.2,cm,,PT0H,PT1H,0,C,2,0.0,2025-04-03T11:00:00.000Z,SN90450:0
surface_snow_thickness,78.9,cm,,PT0H,PT1H,0,C,2,0.0,2025-04-03T12:00:00.000Z,SN90450:0
surface_snow_thickness,78.3,cm,,PT0H,PT1H,0,C,2,0.0,2025-04-03T13:00:00.000Z,SN90450:0
surface_snow_thickness,78.1,cm,,PT0H,PT1H,0,C,2,0.0,2025-04-03T14:00:00.000Z,SN90450:0
surface_snow_thickness,77.9,cm,,PT0H,PT1H,0,C,2,0.0,2025-04-03T15:00:00.000Z,SN90450:0
surface_snow_thickness,77.7,cm,,PT0H,PT1H,0,C,2,0.0,2025-04-03T16:00:00.000Z,SN90450:0
surface_snow_thickness,77.6,cm,,PT0H,PT1H,0,C,2,0.0,2025-04-03T17:00:00.000Z,SN90450:0
surface_snow_thickness,77.4,cm,,PT0H,PT1H,0,C,2,0.0,2025-04-03T18:00:00.000Z,SN90450:0
surface_snow_thickness,77.2,cm,,PT0H,PT1H,0,C,2,0.0,2025-04-03T19:00:00.000Z,SN90450:0
surface_snow_thickness,77.0,cm,,PT0H,PT1H,0,C,2,0.0,2025-04-03T20:00:00.000Z,SN90450:0
surface_snow_thickness,76.8,cm,,PT0H,PT1H,0,C,2,0.0,2025-04-03T21:00:00.000Z,SN90450:0
surface_snow_thickness,76.8,cm,,PT0H,PT1H,0,C,2,0.0,2025-04-03T22:00:00.000Z,SN90450:0
surface_snow_thickness,76.9,cm,,PT0H,PT1H,0,C,2,0.0,2025-04-03T23:00:00.000Z,SN90450:0
surface_snow_thickness,77.0,cm,,PT6H,P1D,0,C,2,0.0,2025-04-04T00:00:00.000Z,SN90450:0
surface_snow_thickness,76.9,cm,,PT0H,PT1H,0,C,2,0.0,2025-04-04T00:00:00.000Z,SN90450:0
surface_snow_thickness,76.8,cm,,PT0H,PT1H,0,C,2,0.0,2025-04-04T01:00:00.000Z,SN90450:0
surface_snow_thickness,77.4,cm,,PT0H,PT1H,0,C,2,0.0,2025-04-04T02:00:00.000Z,SN90450:0
surface_snow_thickness,77.2,cm,,PT0H,PT1H,0,C,2,0.0,2025-04-04T03:00:00.000Z,SN90450:0
surface_snow_thickness,77.4,cm,,PT0H,PT1H,0,C,2,0.0,2025-04-04T04:00:00.000Z,SN90450:0
surface_snow_thickness,77.3,cm,,PT0H,PT1H,0,C,2,0.0,2025-04-04T05:00:00.000Z,SN90450:0
surface_snow_thickness,77.3,cm,,PT0H,PT1H,0,C,2,0.0,2025-04-04T06:00:00.000Z,SN90450:0
surface_snow_thickness,77.3,cm,,PT0H,PT1H,0,C,2,0.0,2025-04-04T07:00:00.000Z,SN90450:0
surface_snow_thickness,77.7,cm,,PT0H,PT1H,0,C,2,0.0,2025-04-04T08:00:00.000Z,SN90450:0
surface_snow_thickness,77.6,cm,,PT0H,PT1H,0,C,2,0.0,2025-04-04T09:00:00.000Z,SN90450:0
surface_snow_thickness,77.5,cm,,PT0H,PT1H,0,C,2,0.0,2025-04-04T10:00:00.000Z,SN90450:0
surface_snow_thickness,77.4,cm,,PT0H,PT1H,0,C,2,0.0,2025-04-04T11:00:00.000Z,SN90450:0
surface_snow_thickness,77.3,cm,,PT0H,PT1H,0,C,2,0.0,2025-04-04T12:00:00.000Z,SN90450:0
surface_snow_thickness,77.2,cm,,PT0H,PT1H,0,C,2,0.0,2025-04-04T13:00:00.000Z,SN90450:0
surface_snow_thickness,77.1,cm,,PT0H,PT1H,0,C,2,0.0,2025-04-04T14:00:00.000Z,SN90450:0
surface_snow_thickness,77.1,cm,,PT0H,PT1H,0,C,2,0.0,2025-04-04T15:00:00.000Z,SN90450:0
surface_snow_thickness,77.0,cm,,PT0H,PT1H,0,C,2,0.0,2025-04-04T16:00:00.000Z,SN90450:0
surface_snow_thickness,76.9,cm,,PT0H,PT1H,0,C,2,0.0,2025-04-04T17:00:00.000Z,SN90450:0
surface_snow_thickness,76.9,cm,,PT0H,PT1H,0,C,2,0.0,2025-04-04T18:00:00.000Z,SN90450:0
surface_snow_thickness,76.9,cm,,PT0H,PT1H,0,C,2,0.0,2025-04-04T19:00:00.000Z,SN90450:0
surface_snow_thickness,76.8,cm,,PT0H,PT1H,0,C,2,0.0,2025-04-04T20:00:00.000Z,SN90450:0
surface_snow_thickness,76.8,cm,,PT0H,PT1H,0,C,2,0.0,2025-04-04T21:00:00.000Z,SN90450:0
surface_snow_thickness,76.7,cm,,PT0H,PT1H,0,C,2,0.0,2025-04-04T22:00:00.000Z,SN90450:0
surface_snow_thickness,76.7,cm,,PT0H,PT1H,0,C,2,0.0,2025-04-04T23:00:00.000Z,SN90450:0
surface_snow_thickness,83.0,cm,,PT6H,P1D,0,C,2,0.0,2025-04-05T00:00:00.000Z,SN90450:0
surface_snow_thickness,76.9,cm,,PT0H,PT1H,0,C,2,0.0,2025-04-05T00:00:00.000Z,SN90450:0
surface_snow_thickness,78.8,cm,,PT0H,PT1H,0,C,2,0.0,2025-04-05T01:00:00.000Z,SN90450:0
surface_snow_thickness,79.8,cm,,PT0H,PT1H,0,C,2,0.0,2025-04-05T02:00:00.000Z,SN90450:0
surface_snow_thickness,80.2,cm,,PT0H,PT1H,0,C,2,0.0,2025-04-05T03:00:00.000Z,SN90450:0
surface_snow_thickness,83.4,cm,,PT0H,PT1H,0,C,2,0.0,2025-04-05T04:00:00.000Z,SN90450:0
surface_snow_thickness,83.5,cm,,PT0H,PT1H,0,C,2,0.0,2025-04-05T05:00:00.000Z,SN90450:0
surface_snow_thickness,83.3,cm,,PT0H,PT1H,0,C,2,0.0,2025-04-05T06:00:00.000Z,SN90450:0
surface_snow_thickness,84.1,cm,,PT0H,PT1H,0,C,2,0.0,2025-04-05T07:00:00.000Z,SN90450:0
surface_snow_thickness,84.3,cm,,PT0H,PT1H,0,C,2,0.0,2025-04-05T08:00:00.000Z,SN90450:0
surface_snow_thickness,84.3,cm,,PT0H,PT1H,0,C,2,0.0,2025-04-05T09:00:00.000Z,SN90450:0
surface_snow_thickness,84.1,cm,,PT0H,PT1H,0,C,2,0.0,2025-04-05T10:00:00.000Z,SN90450:0
surface_snow_thickness,83.9,cm,,PT0H,PT1H,0,C,2,0.0,2025-04-05T11:00:00.000Z,SN90450:0
surface_snow_thickness,84.0,cm,,PT0H,PT1H,0,C,2,0.0,2025-04-05T12:00:00.000Z,SN90450:0
surface_snow_thickness,83.9,cm,,PT0H,PT1H,0,C,2,0.0,2025-04-05T13:00:00.000Z,SN90450:0
surface_snow_thickness,83.7,cm,,PT0H,PT1H,0,C,2,0.0,2025-04-05T14:00:00.000Z,SN90450:0
surface_snow_thickness,83.4,cm,,PT0H,PT1H,0,C,2,0.0,2025-04-05T15:00:00.000Z,SN90450:0
surface_snow_thickness,83.5,cm,,PT0H,PT1H,0,C,2,0.0,2025-04-05T16:00:00.000Z,SN90450:0
surface_snow_thickness,84.1,cm,,PT0H,PT1H,0,C,2,0.0,2025-04-05T17:00:00.000Z,SN90450:0
surface_snow_thickness,83.9,cm,,PT0H,PT1H,0,C,2,0.0,2025-04-05T18:00:00.000Z,SN90450:0
surface_snow_thickness,83.7,cm,,PT0H,PT1H,0,C,2,0.0,2025-04-05T19:00:00.000Z,SN90450:0
surface_snow_thickness,84.4,cm,,PT0H,PT1H,0,C,2,0.0,2025-04-05T20:00:00.000Z,SN90450:0
surface_snow_thickness,84.3,cm,,PT0H,PT1H,0,C,2,0.0,2025-04-05T21:00:00.000Z,SN90450:0
surface_snow_thickness,84.4,cm,,PT0H,PT1H,0,C,2,0.0,2025-04-05T22:00:00.000Z,SN90450:0
surface_snow_thickness,85.0,cm,,PT0H,PT1H,0,C,2,0.0,2025-04-05T23:00:00.000Z,SN90450:0
surface_snow_thickness,83.0,cm,,PT6H,P1D,0,C,2,0.0,2025-04-06T00:00:00.000Z,SN90450:0
surface_snow_thickness,85.0,cm,,PT0H,PT1H,0,C,2,0.0,2025-04-06T00:00:00.000Z,SN90450:0
surface_snow_thickness,84.6,cm,,PT0H,PT1H,0,C,2,0.0,2025-04-06T01:00:00.000Z,SN90450:0
surface_snow_thickness,84.4,cm,,PT0H,PT1H,0,C,2,0.0,2025-04-06T02:00:00.000Z,SN90450:0
surface_snow_thickness,84.0,cm,,PT0H,PT1H,0,C,2,0.0,2025-04-06T03:00:00.000Z,SN90450:0
surface_snow_thickness,83.7,cm,,PT0H,PT1H,0,C,2,0.0,2025-04-06T04:00:00.000Z,SN90450:0
surface_snow_thickness,83.6,cm,,PT0H,PT1H,0,C,2,0.0,2025-04-06T05:00:00.000Z,SN90450:0
surface_snow_thickness,83.4,cm,,PT0H,PT1H,0,C,2,0.0,2025-04-06T06:00:00.000Z,SN90450:0
surface_snow_thickness,83.1,cm,,PT0H,PT1H,0,C,2,0.0,2025-04-06T07:00:00.000Z,SN90450:0
surface_snow_thickness,82.8,cm,,PT0H,PT1H,0,C,2,0.0,2025-04-06T08:00:00.000Z,SN90450:0
surface_snow_thickness,83.2,cm,,PT0H,PT1H,0,C,2,0.0,2025-04-06T09:00:00.000Z,SN90450:0
surface_snow_thickness,82.4,cm,,PT0H,PT1H,0,C,2,0.0,2025-04-06T10:00:00.000Z,SN90450:0
surface_snow_thickness,81.7,cm,,PT0H,PT1H,0,C,2,0.0,2025-04-06T11:00:00.000Z,SN90450:0
surface_snow_thickness,80.6,cm,,PT0H,PT1H,0,C,2,0.0,2025-04-06T12:00:00.000Z,SN90450:0
surface_snow_thickness,80.0,cm,,PT0H,PT1H,0,C,2,0.0,2025-04-06T13:00:00.000Z,SN90450:0
surface_snow_thickness,79.4,cm,,PT0H,PT1H,0,C,2,0.0,2025-04-06T14:00:00.000Z,SN90450:0
surface_snow_thickness,79.2,cm,,PT0H,PT1H,0,C,2,0.0,2025-04-06T15:00:00.000Z,SN90450:0
surface_snow_thickness,79.1,cm,,PT0H,PT1H,0,C,2,0.0,2025-04-06T16:00:00.000Z,SN90450:0
surface_snow_thickness,79.1,cm,,PT0H,PT1H,0,C,2,0.0,2025-04-06T17:00:00.000Z,SN90450:0
surface_snow_thickness,79.0,cm,,PT0H,PT1H,0,C,2,0.0,2025-04-06T18:00:00.000Z,SN90450:0
surface_snow_thickness,78.9,cm,,PT0H,PT1H,0,C,2,0.0,2025-04-06T19:00:00.000Z,SN90450:0
surface_snow_thickness,78.8,cm,,PT0H,PT1H,0,C,2,0.0,2025-04-06T20:00:00.000Z,SN90450:0
surface_snow_thickness,78.7,cm,,PT0H,PT1H,0,C,2,0.0,2025-04-06T21:00:00.000Z,SN90450:0
surface_snow_thickness,78.7,cm,,PT0H,PT1H,0,C,2,0.0,2025-04-06T22:00:00.000Z,SN90450:0
surface_snow_thickness,78.7,cm,,PT0H,PT1H,0,C,2,0.0,2025-04-06T23:00:00.000Z,SN90450:0
surface_snow_thickness,79.0,cm,,PT6H,P1D,0,C,2,0.0,2025-04-07T00:00:00.000Z,SN90450:0
surface_snow_thickness,78.6,cm,,PT0H,PT1H,0,C,2,0.0,2025-04-07T00:00:00.000Z,SN90450:0
surface_snow_thickness,78.6,cm,,PT0H,PT1H,0,C,2,0.0,2025-04-07T01:00:00.000Z,SN90450:0
surface_snow_thickness,78.6,cm,,PT0H,PT1H,0,C,2,0.0,2025-04-07T02:00:00.000Z,SN90450:0
surface_snow_thickness,78.6,cm,,PT0H,PT1H,0,C,2,0.0,2025-04-07T03:00:00.000Z,SN90450:0
surface_snow_thickness,78.6,cm,,PT0H,PT1H,0,C,2,0.0,2025-04-07T04:00:00.000Z,SN90450:0
surface_snow_thickness,78.6,cm,,PT0H,PT1H,0,C,2,0.0,2025-04-07T05:00:00.000Z,SN90450:0
surface_snow_thickness,78.6,cm,,PT0H,PT1H,0,C,2,0.0,2025-04-07T06:00:00.000Z,SN90450:0
surface_snow_thickness,78.6,cm,,PT0H,PT1H,0,C,2,0.0,2025-04-07T07:00:00.000Z,SN90450:0
surface_snow_thickness,78.6,cm,,PT0H,PT1H,0,C,2,0.0,2025-04-07T08:00:00.000Z,SN90450:0
surface_snow_thickness,78.5,cm,,PT0H,PT1H,0,C,2,0.0,2025-04-07T09:00:00.000Z,SN90450:0
surface_snow_thickness,78.3,cm,,PT0H,PT1H,0,C,2,0.0,2025-04-07T10:00:00.000Z,SN90450:0
surface_snow_thickness,78.1,cm,,PT0H,PT1H,0,C,2,0.0,2025-04-07T11:00:00.000Z,SN90450:0
surface_snow_thickness,77.8,cm,,PT0H,PT1H,0,C,2,0.0,2025-04-07T12:00:00.000Z,SN90450:0
surface_snow_thickness,77.5,cm,,PT0H,PT1H,0,C,2,0.0,2025-04-07T13:00:00.000Z,SN90450:0
surface_snow_thickness,77.1,cm,,PT0H,PT1H,0,C,2,0.0,2025-04-07T14:00:00.000Z,SN90450:0
surface_snow_thickness,76.9,cm,,PT0H,PT1H,0,C,2,0.0,2025-04-07T15:00:00.000Z,SN90450:0
surface_snow_thickness,76.8,cm,,PT0H,PT1H,0,C,2,0.0,2025-04-07T16:00:00.000Z,SN90450:0
surface_snow_thickness,76.7,cm,,PT0H,PT1H,0,C,2,0.0,2025-04-07T17:00:00.000Z,SN90450:0
surface_snow_thickness,76.7,cm,,PT0H,PT1H,0,C,2,0.0,2025-04-07T18:00:00.000Z,SN90450:0
surface_snow_thickness,76.7,cm,,PT0H,PT1H,0,C,2,0.0,2025-04-07T19:00:00.000Z,SN90450:0
surface_snow_thickness,76.2,cm,,PT0H,PT1H,0,C,2,0.0,2025-04-07T20:00:00.000Z,SN90450:0
surface_snow_thickness,76.2,cm,,PT0H,PT1H,0,C,2,0.0,2025-04-07T21:00:00.000Z,SN90450:0
surface_snow_thickness,76.1,cm,,PT0H,PT1H,0,C,2,0.0,2025-04-07T22:00:00.000Z,SN90450:0
surface_snow_thickness,75.8,cm,,PT0H,PT1H,0,C,2,0.0,2025-04-07T23:00:00.000Z,SN90450:0
surface_snow_thickness,74.0,cm,,PT6H,P1D,0,C,2,0.0,2025-04-08T00:00:00.000Z,SN90450:0
surface_snow_thickness,75.6,cm,,PT0H,PT1H,0,C,2,0.0,2025-04-08T00:00:00.000Z,SN90450:0
surface_snow_thickness,75.2,cm,,PT0H,PT1H,0,C,2,0.0,2025-04-08T01:00:00.000Z,SN90450:0
surface_snow_thickness,75.0,cm,,PT0H,PT1H,0,C,2,0.0,2025-04-08T02:00:00.000Z,SN90450:0
surface_snow_thickness,74.9,cm,,PT0H,PT1H,0,C,2,0.0,2025-04-08T03:00:00.000Z,SN90450:0
surface_snow_thickness,74.6,cm,,PT0H,PT1H,0,C,2,0.0,2025-04-08T04:00:00.000Z,SN90450:0
surface_snow_thickness,74.4,cm,,PT0H,PT1H,0,C,2,0.0,2025-04-08T05:00:00.000Z,SN90450:0
surface_snow_thickness,73.9,cm,,PT0H,PT1H,0,C,2,0.0,2025-04-08T06:00:00.000Z,SN90450:0
surface_snow_thickness,73.3,cm,,PT0H,PT1H,0,C,2,0.0,2025-04-08T07:00:00.000Z,SN90450:0
surface_snow_thickness,73.2,cm,,PT0H,PT1H,0,C,2,0.0,2025-04-08T08:00:00.000Z,SN90450:0
surface_snow_thickness,72.9,cm,,PT0H,PT1H,0,C,2,0.0,2025-04-08T09:00:00.000Z,SN90450:0
surface_snow_thickness,72.7,cm,,PT0H,PT1H,0,C,2,0.0,2025-04-08T10:00:00.000Z,SN90450:0
surface_snow_thickness,72.4,cm,,PT0H,PT1H,0,C,2,0.0,2025-04-08T11:00:00.000Z,SN90450:0
surface_snow_thickness,72.3,cm,,PT0H,PT1H,0,C,2,0.0,2025-04-08T12:00:00.000Z,SN90450:0
surface_snow_thickness,72.3,cm,,PT0H,PT1H,0,C,2,0.0,2025-04-08T13:00:00.000Z,SN90450:0
surface_snow_thickness,72.3,cm,,PT0H,PT1H,0,C,2,0.0,2025-04-08T14:00:00.000Z,SN90450:0
surface_snow_thickness,72.8,cm,,PT0H,PT1H,0,C,2,0.0,2025-04-08T15:00:00.000Z,SN90450:0
surface_snow_thickness,73.7,cm,,PT0H,PT1H,0,C,2,0.0,2025-04-08T16:00:00.000Z,SN90450:0
surface_snow_thickness,73.8,cm,,PT0H,PT1H,0,C,2,0.0,2025-04-08T17:00:00.000Z,SN90450:0
surface_snow_thickness,75.0,cm,,PT0H,PT1H,0,C,2,0.0,2025-04-08T18:00:00.000Z,SN90450:0
surface_snow_thickness,75.2,cm,,PT0H,PT1H,0,C,2,0.0,2025-04-08T19:00:00.000Z,SN90450:0
surface_snow_thickness,76.5,cm,,PT0H,PT1H,0,C,2,0.0,2025-04-08T20:00:00.000Z,SN90450:0
surface_snow_thickness,76.8,cm,,PT0H,PT1H,0,C,2,0.0,2025-04-08T21:00:00.000Z,SN90450:0
surface_snow_thickness,76.6,cm,,PT0H,PT1H,0,C,2,0.0,2025-04-08T22:00:00.000Z,SN90450:0
surface_snow_thickness,76.5,cm,,PT0H,PT1H,0,C,2,0.0,2025-04-08T23:00:00.000Z,SN90450:0
mean(relative_humidity P1D),91.0,percent,"{'levelType': 'height_above_ground', 'unit': 'm', 'value': 2}",PT0H,P1D,0,C,1,2.0,2025-03-10T00:00:00.000Z,SN90450:0
mean(relative_humidity P1D),90.0,percent,"{'levelType': 'height_above_ground', 'unit': 'm', 'value': 2}",PT0H,P1D,0,C,1,2.0,2025-03-11T00:00:00.000Z,SN90450:0
mean(relative_humidity P1D),78.0,percent,"{'levelType': 'height_above_ground', 'unit': 'm', 'value': 2}",PT0H,P1D,0,C,1,2.0,2025-03-12T00:00:00.000Z,SN90450:0
mean(relative_humidity P1D),75.0,percent,"{'levelType': 'height_above_ground', 'unit': 'm', 'value': 2}",PT0H,P1D,0,C,1,2.0,2025-03-13T00:00:00.000Z,SN90450:0
mean(relative_humidity P1D),85.0,percent,"{'levelType': 'height_above_ground', 'unit': 'm', 'value': 2}",PT0H,P1D,0,C,1,2.0,2025-03-14T00:00:00.000Z,SN90450:0
mean(relative_humidity P1D),83.0,percent,"{'levelType': 'height_above_ground', 'unit': 'm', 'value': 2}",PT0H,P1D,0,C,1,2.0,2025-03-15T00:00:00.000Z,SN90450:0
mean(relative_humidity P1D),83.0,percent,"{'levelType': 'height_above_ground', 'unit': 'm', 'value': 2}",PT0H,P1D,0,C,1,2.0,2025-03-16T00:00:00.000Z,SN90450:0
mean(relative_humidity P1D),84.0,percent,"{'levelType': 'height_above_ground', 'unit': 'm', 'value': 2}",PT0H,P1D,0,C,1,2.0,2025-03-17T00:00:00.000Z,SN90450:0
mean(relative_humidity P1D),91.0,percent,"{'levelType': 'height_above_ground', 'unit': 'm', 'value': 2}",PT0H,P1D,0,C,1,2.0,2025-03-18T00:00:00.000Z,SN90450:0
mean(relative_humidity P1D),79.0,percent,"{'levelType': 'height_above_ground', 'unit': 'm', 'value': 2}",PT0H,P1D,0,C,1,2.0,2025-03-19T00:00:00.000Z,SN90450:0
mean(relative_humidity P1D),82.0,percent,"{'levelType': 'height_above_ground', 'unit': 'm', 'value': 2}",PT0H,P1D,0,C,1,2.0,2025-03-20T00:00:00.000Z,SN90450:0
mean(relative_humidity P1D),77.0,percent,"{'levelType': 'height_above_ground', 'unit': 'm', 'value': 2}",PT0H,P1D,0,C,1,2.0,2025-03-21T00:00:00.000Z,SN90450:0
mean(relative_humidity P1D),54.0,percent,"{'levelType': 'height_above_ground', 'unit': 'm', 'value': 2}",PT0H,P1D,0,C,1,2.0,2025-03-22T00:00:00.000Z,SN90450:0
mean(relative_humidity P1D),58.0,percent,"{'levelType': 'height_above_ground', 'unit': 'm', 'value': 2}",PT0H,P1D,0,C,1,2.0,2025-03-23T00:00:00.000Z,SN90450:0
mean(relative_humidity P1D),50.0,percent,"{'levelType': 'height_above_ground', 'unit': 'm', 'value': 2}",PT0H,P1D,0,C,1,2.0,2025-03-24T00:00:00.000Z,SN90450:0
mean(relative_humidity P1D),87.0,percent,"{'levelType': 'height_above_ground', 'unit': 'm', 'value': 2}",PT0H,P1D,0,C,1,2.0,2025-03-25T00:00:00.000Z,SN90450:0
mean(relative_humidity P1D),94.0,percent,"{'levelType': 'height_above_ground', 'unit': 'm', 'value': 2}",PT0H,P1D,0,C,1,2.0,2025-03-26T00:00:00.000Z,SN90450:0
mean(relative_humidity P1D),93.0,percent,"{'levelType': 'height_above_ground', 'unit': 'm', 'value': 2}",PT0H,P1D,0,C,1,2.0,2025-03-27T00:00:00.000Z,SN90450:0
mean(relative_humidity P1D),86.0,percent,"{'levelType': 'height_above_ground', 'unit': 'm', 'value': 2}",PT0H,P1D,0,C,1,2.0,2025-03-28T00:00:00.000Z,SN90450:0
mean(relative_humidity P1D),93.0,percent,"{'levelType': 'height_above_ground', 'unit': 'm', 'value': 2}",PT0H,P1D,0,C,1,2.0,2025-03-29T00:00:00.000Z,SN90450:0
mean(relative_humidity P1D),71.0,percent,"{'levelType': 'height_above_ground', 'unit': 'm', 'value': 2}",PT0H,P1D,0,C,1,2.0,2025-03-30T00:00:00.000Z,SN90450:0
mean(relative_humidity P1D),77.0,percent,"{'levelType': 'height_above_ground', 'unit': 'm', 'value': 2}",PT0H,P1D,0,C,1,2.0,2025-03-31T00:00:00.000Z,SN90450:0
mean(relative_humidity P1D),76.0,percent,"{'levelType': 'height_above_ground', 'unit': 'm', 'value': 2}",PT0H,P1D,0,C,1,2.0,2025-04-01T00:00:00.000Z,SN90450:0
mean(relative_humidity P1D),85.0,percent,"{'levelType': 'height_above_ground', 'unit': 'm', 'value': 2}",PT0H,P1D,0,C,1,2.0,2025-04-02T00:00:00.000Z,SN90450:0
mean(relative_humidity P1D),83.0,percent,"{'levelType': 'height_above_ground', 'unit': 'm', 'value': 2}",PT0H,P1D,0,C,1,2.0,2025-04-03T00:00:00.000Z,SN90450:0
mean(relative_humidity P1D),66.0,percent,"{'levelType': 'height_above_ground', 'unit': 'm', 'value': 2}",PT0H,P1D,0,C,1,2.0,2025-04-04T00:00:00.000Z,SN90450:0
mean(relative_humidity P1D),86.0,percent,"{'levelType': 'height_above_ground', 'unit': 'm', 'value': 2}",PT0H,P1D,0,C,1,2.0,2025-04-05T00:00:00.000Z,SN90450:0
mean(relative_humidity P1D),76.0,percent,"{'levelType': 'height_above_ground', 'unit': 'm', 'value': 2}",PT0H,P1D,0,C,1,2.0,2025-04-06T00:00:00.000Z,SN90450:0
mean(relative_humidity P1D),71.0,percent,"{'levelType': 'height_above_ground', 'unit': 'm', 'value': 2}",PT0H,P1D,0,C,1,2.0,2025-04-07T00:00:00.000Z,SN90450:0
mean(relative_humidity P1D),80.0,percent,"{'levelType': 'height_above_ground', 'unit': 'm', 'value': 2}",PT0H,P1D,0,C,1,2.0,2025-04-08T00:00:00.000Z,SN90450:0
